,Surname,EstimatedSalary,Exited
0,Hargrave,101348.88,1
1,Hill,112542.58,0
2,Onio,113931.57,1
3,Boni,93826.63,0
4,Mitchell,79084.1,0
5,Chu,149756.71,1
6,Bartlett,10062.8,0
7,Obinna,119346.88,1
8,He,74940.5,0
9,H?,71725.73,0
10,Bearce,80181.12,0
11,Andrews,76390.01,0
12,Kay,26260.98,0
13,Chin,190857.79,0
14,Scott,65951.65,0
15,Goforth,64327.26,0
16,Romeo,5097.67,1
17,Henderson,14406.41,0
18,Muldrow,158684.81,0
19,Hao,54724.03,0
20,McDonald,170886.17,0
21,Dellucci,138555.46,0
22,Gerasimov,118913.53,1
23,Mosman,8487.75,0
24,Yen,187616.16,0
25,Maclean,124508.29,0
26,Young,170041.95,0
27,Nebechi,38433.35,0
28,McWilliams,100187.43,0
29,Lucciano,53483.21,0
30,Azikiwe,140469.38,1
31,Odinakachukwu,156731.91,0
32,Sanderson,81898.81,0
33,Maggard,34410.55,0
34,Clements,142033.07,0
35,Lombardo,27822.99,1
36,Watson,114066.77,0
37,Lorenzo,98453.45,0
38,Armstrong,40812.9,0
39,Cameron,178074.04,0
40,Hsiao,70154.22,0
41,Clarke,181297.65,1
42,Osborne,94153.83,0
43,Lavine,194365.76,1
44,Bianchi,158338.39,0
45,Tyler,126517.46,0
46,Martin,119708.21,1
47,Okagbue,117622.8,1
48,Yin,90878.13,0
49,Buccho,194099.12,0
50,Chidiebele,198059.16,0
51,Trevisani,86424.57,0
52,O'Brien,116978.19,0
53,Parkhill,164040.94,1
54,Yoo,40014.76,1
55,Phillipps,113410.49,0
56,Tsao,87107.57,0
57,Endrizzi,45613.75,0
58,T'ien,1643.11,1
59,Velazquez,46775.28,0
60,Hunter,84509.57,0
61,Clark,126494.82,0
62,Jeffrey,178798.13,0
63,Pirozzi,99398.36,0
64,Jackson,92840.67,0
65,Hammond,27758.36,0
66,Brownless,110431.51,0
67,Chibugo,196673.28,0
68,Glauert,113656.85,0
69,Pisano,18203.0,0
70,Konovalova,28373.86,1
71,McKee,33953.87,0
72,Palermo,44203.55,0
73,Ballard,58426.81,0
74,Wallace,145562.4,0
75,Cavenagh,22388.0,0
76,Hu,139161.64,0
77,Read,148210.64,0
78,Bushell,194239.63,0
79,Postle,98301.61,0
80,Buley,171413.66,0
81,Leonard,136458.19,1
82,Mills,26019.59,0
83,Onyeorulu,159235.29,0
84,Beit,1907.66,0
85,Ndukaku,114675.75,0
86,Gant,128643.35,1
87,Rowley,151869.35,0
88,Sharpe,93251.42,1
89,Osborne,156791.36,0
90,Heap,174205.22,1
91,Ritchie,147132.46,0
92,Cole,109614.57,0
93,Capon,172290.61,0
94,Capon,85982.47,0
95,Fiorentini,121277.78,0
96,Graham,64595.25,0
97,Yuille,197276.13,0
98,Allard,99645.04,0
99,Fanucci,6534.18,0
100,Fu,161848.03,0
101,Hung,167162.43,0
102,Hung,41970.72,0
103,Bradley,60536.56,0
104,Dunbabin,177655.68,1
105,Mauldon,30984.59,1
106,Stiger,10054.53,0
107,Parsons,36976.52,0
108,Walkom,71862.79,0
109,T'ang,99449.86,1
110,Eremenko,63082.88,0
111,Rowntree,27231.26,0
112,Thorpe,86797.41,0
113,Chiemela,22994.32,0
114,Fanucci,101300.94,1
115,Ko,74169.13,0
116,Welch,115638.29,0
117,Duncan,31766.3,0
118,Chidozie,199725.39,1
119,Wu,120834.48,0
120,Culbreth,38131.77,0
121,Kennedy,100130.95,0
122,Cameron,141069.88,0
123,Calabresi,198129.36,0
124,Zetticci,183646.41,0
125,Fuller,110265.24,1
126,MacDonald,8636.05,1
127,Piccio,46824.08,1
128,Kennedy,171378.77,0
129,Fernie,167256.35,0
130,He,124226.16,0
131,Kaodilinakachukwu,114935.21,0
132,Cocci,35608.88,0
133,Alekseeva,16459.37,0
134,Chinweike,124411.08,0
135,Arthur,34941.23,0
136,Li,167784.28,0
137,Ma,93165.34,0
138,Chia,75161.25,1
139,Vasin,8590.83,1
140,Groves,189543.9,0
141,Tien,180427.24,0
142,Forwood,193318.33,0
143,Greeves,159123.82,1
144,Taylor,126213.84,1
145,Madukwe,54141.5,0
146,Bennelong,141075.51,0
147,Olisanugo,24495.03,0
148,Chukwufumnanya,74836.34,0
149,Harris,878.87,0
150,Morgan,89520.75,0
151,Alexeeva,149892.79,1
152,Metcalfe,180800.42,0
153,Humphries,98646.22,0
154,Milne,109041.53,0
155,Chou,17941.16,1
156,Li,82996.47,0
157,Clayton,92067.35,0
158,Maclean,104719.66,0
159,Chigolum,112687.57,0
160,Wilkinson,84699.56,0
161,Wei,83473.82,0
162,Treacy,47125.11,0
163,Hu,106977.8,0
164,Taverner,55582.54,1
165,Sherman,139874.43,0
166,Taubman,162503.48,1
167,Robinson,196499.96,0
168,Pinto,40721.24,1
169,Wood,53134.3,0
170,Hawkins,164017.89,0
171,Sun,155996.96,0
172,Yost,5472.7,1
173,Ting,112187.11,0
174,Rowe,146457.83,0
175,Fu,27286.1,0
176,Ho,130553.47,0
177,Okechukwu,179351.89,0
178,Campbell,94774.12,0
179,Ashbolt,8080.85,1
180,Rozier,19482.5,0
181,Hsia,48071.61,0
182,Ogbonnaya,174531.27,0
183,T'ang,55470.78,0
184,Cocci,8546.87,1
185,Chang,95857.18,0
186,T'ao,194945.8,0
187,Ford,131521.72,0
188,Marshall,196108.51,0
189,Tsai,148564.76,0
190,Onwumelu,92982.61,1
191,Graham,17675.36,0
192,Golovanov,114996.43,0
193,Potts,86957.42,0
194,Crawford,128077.8,0
195,Aleshire,600.36,0
196,Moran,43001.46,0
197,Samsonova,158591.12,0
198,Jenkins,47847.19,0
199,Volkov,10488.44,0
200,Chiemezie,5978.2,0
201,Jude,121409.06,0
202,He,146145.93,1
203,Onuora,14374.86,1
204,Ginikanwa,94670.77,0
205,Ku,179670.31,0
206,McDonald,199304.74,1
207,Collins,151954.39,0
208,Hackett,142513.5,1
209,Dike,158264.62,0
210,Trevisano,169381.9,0
211,Tan,169915.02,0
212,Glassman,88852.47,0
213,Miller,40645.81,0
214,Kornilova,60427.3,0
215,Watson,157959.02,1
216,Marchesi,133007.34,0
217,Millar,176576.62,0
218,Shih,34888.04,1
219,Fuller,28737.71,1
220,Hay,98178.57,0
221,Yang,125010.24,0
222,McIntyre,167984.61,0
223,Stevenson,4861.72,1
224,Poole,108872.45,1
225,Bagley,198252.88,0
226,Ch'ien,26960.31,0
227,Cattaneo,85746.52,1
228,O'Sullivan,77206.25,1
229,Lucas,61048.53,0
230,Ringrose,111981.19,0
231,Freeman,62232.6,0
232,Sergeyev,156105.03,0
233,Fiore,150135.38,0
234,Smith,93146.11,0
235,Dumetochukwu,33462.94,1
236,Pacheco,144375.0,0
237,Synnot,55803.96,1
238,Johnston,89048.46,1
239,Stevens,162812.16,0
240,Grant,136259.65,0
241,Tsao,124052.97,0
242,Barnes,74158.8,0
243,McIntosh,45071.09,1
244,Madison,62030.06,0
245,Ifesinachi,131953.23,1
246,Glazkov,79414.0,0
247,Dimauro,199638.56,0
248,Wieck,157577.29,0
249,Liao,134420.75,1
250,Hughes,99805.99,0
251,Morrison,97932.68,0
252,Matveyeva,170968.99,0
253,Ku,57558.95,0
254,Cheatham,176713.47,0
255,Yao,34283.23,0
256,Kirkland,198637.34,0
257,Rose,156917.12,0
258,Jess,50457.2,0
259,Welch,140075.55,0
260,Ifeajuna,65323.11,0
261,Morton,64323.24,0
262,Rossi,14956.44,0
263,Reppert,111879.21,0
264,Kang,18606.23,0
265,Ch'iu,123137.01,0
266,Wallis,148528.24,0
267,Clark,13898.31,0
268,Fielding,81259.25,1
269,Zetticci,161051.75,0
270,Dulhunty,191599.67,0
271,Bevington,48559.19,1
272,Boyle,186339.74,0
273,Newton,33159.37,0
274,Bowman,93883.53,0
275,Dubinina,110899.3,0
276,Toscani,11199.04,1
277,Chiazagomekpere,189992.97,0
278,Allen,164255.69,0
279,K'ung,152167.79,1
280,Wilsmore,33949.67,0
281,Hargreaves,68143.93,0
282,Huang,47251.79,1
283,Ch'ien,25885.72,0
284,Wallwork,192633.85,0
285,Chu,34577.36,0
286,Kang,161229.84,0
287,Davidson,100816.29,0
288,O'Donnell,181694.44,0
289,Nnachetam,79078.91,0
290,Chidiebele,137316.32,0
291,Ahmed,194926.86,0
292,Booth,51285.49,0
293,Chuang,150401.53,1
294,Shao,112491.96,0
295,Tsao,73656.38,0
296,Tien,106636.89,0
297,Chang,155853.52,1
298,Johnson,162599.51,0
299,French,103737.82,0
300,Efremov,160990.27,0
301,Hartley,15462.84,0
302,Calabrese,10334.05,0
303,Chiu,190686.16,0
304,Brennan,94440.45,0
305,Onwuatuegwu,28257.63,0
306,Hewitt,170034.95,1
307,Shih,31824.29,0
308,Balashov,127166.49,1
309,Doyle,44937.01,0
310,Pokrovskii,188603.07,0
311,Collins,145111.37,0
312,Russo,171463.83,0
313,Skinner,182822.5,0
314,Robertson,87213.33,0
315,Atkinson,57175.32,0
316,Doyle,120540.83,1
317,Ritchie,28714.34,0
318,McEncroe,85426.28,0
319,Pearson,46170.75,0
320,Gordon,64448.36,0
321,Ts'ai,16278.97,0
322,Lung,182855.42,1
323,Yuan,50404.72,0
324,Pardey,107640.25,0
325,Tai,134132.65,0
326,Scott,103480.69,0
327,Hunter,108761.05,1
328,Mazzanti,179012.3,0
329,L?,95145.14,0
330,Beach,72143.44,0
331,Hsieh,19162.89,0
332,Faulkner,144680.18,0
333,Knowles,177772.03,1
334,Day,5597.94,0
335,Hsueh,116828.51,1
336,Tsao,174652.51,0
337,Kennedy,2010.98,0
338,Nwabugwu,14109.85,1
339,Young,43527.4,1
340,Kerr,86099.23,1
341,Tien,161574.19,0
342,Marrero,38970.14,0
343,White,127587.22,0
344,Pisano,30380.12,0
345,Brown,90908.95,0
346,Freeman,138275.01,0
347,Russell,32171.79,0
348,Seleznyov,126143.23,0
349,Yusupova,129892.93,0
350,Foley,102416.84,0
351,Shih,18719.67,0
352,Ikedinachukwu,61936.22,0
353,Power,78358.94,0
354,Amos,147224.27,0
355,Reed,160979.66,0
356,Simmons,132298.49,0
357,Ricci,174248.52,1
358,Yen,123547.28,0
359,Campbell,32790.02,0
360,West,181543.67,0
361,Robinson,2319.96,1
362,Bianchi,189543.19,0
363,Chen,10940.4,0
364,Madukaego,199493.38,0
365,Ibrahimova,188193.25,0
366,Nolan,172572.64,0
367,Scott,189339.6,0
368,Blair,53512.16,0
369,Monaldo,34004.44,0
370,Sutherland,10598.29,0
371,Cole,113428.77,0
372,Briggs,183487.98,0
373,Gregory,187658.09,0
374,Bianchi,172459.39,0
375,Angelo,21016.0,0
376,Gardiner,122381.02,1
377,Kerr,128123.66,0
378,Ko,19570.63,0
379,Distefano,188150.6,1
380,Farrell,111020.24,0
381,Milano,123775.15,0
382,Ting,146700.22,0
383,Boyd,145251.35,0
384,Onyemaechi,82463.69,0
385,Black,15928.49,0
386,Oliver,45886.33,0
387,Greco,186489.95,0
388,Whitehead,162922.65,0
389,Ikemefuna,9262.77,0
390,Morrison,84932.4,0
391,Onyeoruru,71557.12,0
392,Cunningham,77405.95,1
393,Demidov,417.41,1
394,Celis,71405.17,0
395,Cheng,153400.24,0
396,Knight,371.05,0
397,Morin,67789.99,0
398,Mills,145894.9,0
399,Outhwaite,183840.51,1
400,Tung,108887.44,0
401,Pai,154071.27,0
402,Carpenter,179291.85,0
403,Fennell,56937.43,0
404,Fontaine,112239.03,0
405,Pratt,45909.87,0
406,Mitchell,173779.25,1
407,Franklin,125696.26,0
408,K'ung,159585.61,0
409,Ko,106761.47,0
410,McKenzie,129590.18,0
411,Pino,80006.65,0
412,Fisk,140451.52,0
413,Chiang,187929.43,1
414,Moseley,167155.36,0
415,Hsiung,191420.71,0
416,Heath,11384.45,1
417,Dellucci,94898.1,0
418,Li,106781.59,0
419,De Salis,159508.52,0
420,T'ang,93524.19,1
421,Richardson,87168.46,0
422,Fitch,8128.32,1
423,Stevenson,125518.32,0
424,Estes,48963.59,0
425,Lattimore,98368.24,0
426,Chung,148584.61,0
427,Utz,27474.81,0
428,Wei,76192.21,0
429,Boyle,134600.94,1
430,Nwachinemelu,72467.99,1
431,Kuznetsova,199645.45,0
432,Pisani,42749.85,0
433,Manna,136050.44,1
434,Collier,73564.44,0
435,Ricci,85578.63,0
436,Carr,129826.89,0
437,Hs?,119666.0,0
438,Findlay,68052.08,0
439,Hughes,164104.74,0
440,Chukwuemeka,80190.36,0
441,Genovese,84126.75,0
442,Swift,70179.0,0
443,Ugoji,118024.1,0
444,Parkinson,145704.19,1
445,Ross,183049.41,0
446,Oleary,120906.83,0
447,Turnbull,100433.83,0
448,Uspensky,138777.0,1
449,Cook,124694.99,0
450,Newbold,40084.32,0
451,Uchechukwu,119232.33,0
452,Ch'en,43921.36,0
453,He,62222.81,0
454,Hilton,56577.0,0
455,Sal,164253.35,0
456,Eluemuno,7666.73,0
457,Titus,68487.51,0
458,Yin,199273.98,1
459,Lettiere,186062.36,0
460,Templeman,195711.16,0
461,Chibuzo,36692.17,0
462,Sun,106920.57,0
463,Evans,48725.68,1
464,Ogbonnaya,167036.94,0
465,Enyinnaya,68777.26,0
466,Olisanugo,18924.92,0
467,Brookes,71905.77,1
468,Padovano,64833.28,0
469,Fisk,184843.77,0
470,Shih,176730.02,0
471,Hare,20629.4,1
472,Muir,28415.36,0
473,Fanucci,77231.27,0
474,Elewechi,102750.7,0
475,Johnston,34580.8,1
476,Pisano,183598.77,0
477,Ankudinov,147358.27,0
478,Nwokike,108469.2,0
479,Smith,20612.82,0
480,Atkins,181196.76,0
481,Burns,160249.1,0
482,Obiuto,110783.28,0
483,Pirozzi,144995.33,0
484,George,150227.85,1
485,Lewis,53718.28,0
486,Moran,75248.3,0
487,Dalrymple,14353.43,1
488,Carslaw,130486.57,0
489,Kirby,100127.71,0
490,Houghton,196356.17,0
491,Martin,9983.88,0
492,Tan,118974.77,0
493,Hsia,194998.34,1
494,Westerberg,134901.34,1
495,Hale,72924.56,0
496,Kryukova,101057.95,0
497,Sopuluchukwu,142838.64,0
498,Barry,127059.04,0
499,Selezneva,116503.92,1
500,Chizuoke,54405.79,0
501,Lueck,88721.84,0
502,Udinese,74135.48,1
503,Udobata,111346.22,0
504,Freeman,194902.16,0
505,Outlaw,31474.27,0
506,Obiuto,21198.39,0
507,Lo,186976.6,0
508,Okechukwu,117202.19,0
509,King,143739.29,0
510,Forbes,161811.23,0
511,Macleod,98090.91,0
512,Gibbs,71095.41,0
513,Isayev,13107.24,0
514,Pisano,67110.59,1
515,Belstead,88225.02,0
516,Vassiliev,62256.87,1
517,Schneider,135925.72,0
518,Mazzanti,177815.87,1
519,Knipe,126471.13,0
520,Macartney,188574.12,1
521,Madukwe,119175.45,0
522,Watts,139093.73,0
523,Humphreys,115916.55,0
524,Wu,96463.25,0
525,Chin,112349.51,0
526,Chesnokova,165303.79,0
527,Kung,166031.08,0
528,Lu,38411.79,1
529,Nkemakolam,77783.35,0
530,Walton,29871.79,0
531,Brookes,59747.63,0
532,Baldwin,79919.13,0
533,Mai,76773.53,0
534,Shih,54018.93,0
535,He,70649.64,1
536,Fiorentini,59093.39,0
537,Lucciano,127569.8,0
538,Ferreira,18260.98,1
539,Ukaegbunam,73275.96,1
540,De Luca,136129.49,0
541,Milne,153237.59,0
542,Davide,106841.12,0
543,Kodilinyechukwu,109078.35,1
544,Little,87822.14,1
545,Burns,126644.98,0
546,Paterson,47414.15,0
547,Han,41879.99,0
548,Kryukova,75808.1,0
549,Ijendu,47911.03,0
550,Reichard,28737.78,0
551,Day,2079.2,1
552,Price,121562.33,0
553,Bruce,55003.79,0
554,Sumrall,193131.42,0
555,Lu,191932.27,1
556,Lazarev,159418.1,0
557,Miller,191468.78,1
558,Wentworth-Shields,38913.68,0
559,Ritchie,705.18,0
560,Mackenzie,138490.03,0
561,Power,82970.69,0
562,Tan,76744.72,0
563,Pendergrass,71244.59,1
564,Evans,12182.15,0
565,Hsia,141210.5,0
566,Billson,191763.07,1
567,Teng,37938.74,0
568,Moretti,74890.58,0
569,Jordan,166698.18,0
570,Ts'ao,62678.53,0
571,Osborne,67740.08,1
572,Carslaw,161519.77,0
573,Ch'ang,159835.78,1
574,Hung,30876.84,0
575,Gordon,14858.1,0
576,Obialo,75685.97,0
577,Gray,144183.1,0
578,Lin,65170.66,0
579,Hopkins,82526.92,0
580,Dobson,169161.46,0
581,McKay,109291.39,1
582,Revell,6057.81,0
583,Rickards,77077.14,0
584,Begum,54954.51,1
585,Onyinyechukwuka,179614.8,1
586,Zuyev,35588.07,1
587,Nwankwo,117356.14,0
588,Hao,160696.72,0
589,Ma,147278.43,1
590,Okwuadigbo,56594.36,1
591,Mitchell,1299.75,0
592,Chan,25095.03,0
593,Buchi,146326.45,0
594,Greco,38296.21,0
595,Lombardi,164061.6,0
596,Uchenna,107811.28,0
597,Coffman,30838.51,0
598,Alexandrova,9221.78,1
599,Fallaci,33738.27,0
600,Hudson,110916.15,1
601,Mai,169654.57,0
602,Stout,69829.4,0
603,Burke,54926.51,1
604,Chadwick,94728.49,0
605,Lawrence,80393.27,0
606,Bellucci,111307.98,0
607,Harper,19834.32,0
608,Boyle,78397.24,0
609,Duncan,86410.28,0
610,Moss,172749.65,0
611,Avdeyeva,1002.39,0
612,Crawford,13601.79,0
613,Lynton,77866.91,0
614,Duncan,175296.76,0
615,Gether,121751.04,1
616,Davidson,89593.26,0
617,Larionova,193437.89,1
618,Loggia,86945.0,0
619,Steinhoff,183318.79,0
620,Guerra,71154.1,0
621,Pai,151887.16,0
622,Craig,75888.65,0
623,Lazareva,89566.74,0
624,Ch'iu,26475.79,0
625,Alderete,126355.8,0
626,Kung,93839.3,0
627,Palermo,7698.6,0
628,Ts'ai,145593.85,0
629,Rahman,45042.56,0
630,McMillan,61108.56,1
631,Pickering,57553.98,1
632,Mirams,62674.42,0
633,Tsao,12120.79,0
634,Douglas,50129.87,1
635,Jideofor,55022.43,0
636,Bell,117834.91,0
637,Mairinger,168840.23,0
638,McIntyre,24234.11,0
639,Pagnotto,190627.01,0
640,K'ung,156618.38,1
641,Feng,42334.38,0
642,Donaldson,110784.42,0
643,Chambers,173683.0,1
644,Marcelo,27046.46,1
645,Ejimofor,20598.59,1
646,Dale,104991.28,0
647,Pokrovsky,8996.97,0
648,Stonebraker,64420.5,0
649,Liang,145700.22,0
650,Anderson,196335.48,0
651,Christian,14781.12,0
652,Mao,108139.23,0
653,Campbell,19287.06,1
654,Ginikanwa,9567.39,0
655,Toscani,132210.49,0
656,Nnachetam,21600.11,0
657,Sagese,199661.5,0
658,Fleming,124341.49,0
659,Grubb,15766.1,0
660,Napolitani,33642.21,0
661,Anenechi,117704.65,0
662,Chandler,58803.28,0
663,Howells,137537.22,0
664,Akeroyd,131300.68,0
665,Onwumelu,84174.81,0
666,Wallace,160941.78,0
667,Uwaezuoke,143954.99,0
668,Loyau,56297.85,0
669,Small,8404.73,0
670,Bledsoe,30020.09,0
671,Kao,58137.42,0
672,Wickens,47472.68,0
673,Wertheim,19131.71,0
674,He,187288.5,0
675,Jarvis,17603.81,0
676,P'an,67020.03,0
677,Repina,147802.94,1
678,Pugliesi,41610.62,0
679,Blakey,44255.65,0
680,Nucci,78416.14,0
681,Higinbotham,137254.55,0
682,Achebe,151303.48,0
683,Russo,86333.63,0
684,Trevisani,89801.9,0
685,Dobie,29358.57,1
686,Maccallum,181600.72,0
687,Watkins,124118.71,1
688,Mitchel,38867.46,1
689,Ferdinand,31106.67,0
690,Otitodilinna,67611.36,0
691,Mamelu,77837.63,0
692,Beneventi,6078.46,0
693,Perrodin,177896.92,0
694,Chinagorom,123882.73,0
695,Napolitano,15304.08,0
696,Edgar,76569.64,1
697,Walker,120657.32,1
698,Steele,16436.56,0
699,Elkins,107667.91,0
700,Hao,95611.47,0
701,Toscano,19799.26,0
702,Savage,123214.74,0
703,Okwuadigbo,71709.12,0
704,Mordvinova,149066.14,0
705,Welch,20451.99,1
706,Kent,32825.5,0
707,Campbell,6232.31,0
708,Cooper,10357.03,0
709,Mazzi,147794.63,0
710,Fisher,116973.48,0
711,Summers,129964.94,0
712,Brady,92816.86,0
713,Nicholls,172114.67,0
714,Yuan,16649.31,1
715,Robinson,144517.19,0
716,Golubov,182038.6,0
717,Chen,24210.56,0
718,Oldham,172175.9,0
719,Kambinachi,47578.45,0
720,Fleming,150694.42,1
721,Cunningham,177683.02,1
722,Obinna,66088.83,0
723,Chinwemma,169291.7,0
724,Carpenter,117140.41,0
725,Yin,79510.37,0
726,Olsen,77108.66,0
727,Ts'ai,9679.28,0
728,Jen,81753.92,0
729,Preston,131372.38,1
730,Ozioma,25310.82,0
731,Cody,187925.75,0
732,Ponomarev,98820.39,0
733,Martin,64166.7,1
734,Milani,176924.21,1
735,Tang,90055.08,0
736,Romani,72814.31,0
737,McIntyre,168290.06,0
738,Davis,161767.38,0
739,Onyemauchechukwu,44420.18,0
740,Gell,37147.61,0
741,Rossi,125381.02,0
742,Chiwetelu,149853.89,0
743,Kirillova,161435.02,1
744,Shaw,102925.76,0
745,Smith,70899.27,0
746,Hsieh,145936.28,0
747,Onyemauchechukwu,54227.06,0
748,Martin,59280.79,0
749,Okwudilichukwu,126952.5,0
750,Onuoha,130567.02,0
751,Muecke,73294.48,0
752,Hsieh,3937.37,0
753,Anderson,2383.59,0
754,Azubuike,14279.44,0
755,Nnonso,141300.53,0
756,Fuller,78140.75,0
757,Ashley,117431.1,0
758,Ts'ui,72008.61,0
759,Buccho,60887.58,0
760,Chidozie,194764.83,0
761,Maclean,88705.14,1
762,Burns,35817.97,1
763,Chu,31520.4,0
764,Kenenna,157908.19,1
765,Beluchi,142200.15,0
766,Williamson,182055.36,0
767,Bobrov,157552.08,1
768,Kerr,120284.67,0
769,McKenzie,24506.95,1
770,Pitts,47271.61,1
771,Standish,41176.6,0
772,Cartwright,9468.64,0
773,Johnstone,123880.19,0
774,Nikitina,158887.09,1
775,McElroy,117036.38,0
776,Shen,120415.61,1
777,Archer,16064.25,1
778,Otutodilinna,52615.62,0
779,Shih,121210.09,0
780,Denisov,192247.35,0
781,Owens,68759.57,0
782,P'eng,75937.47,0
783,Verco,84569.13,0
784,Bergamaschi,190696.35,1
785,Lorenzo,67468.67,0
786,Outtrim,104435.94,0
787,Hou,47166.55,0
788,Galkin,119899.52,0
789,Pagnotto,173498.45,0
790,Echezonachukwu,93249.26,0
791,Young,142917.54,0
792,Summers,111755.8,0
793,Munro,108543.21,0
794,Brennan,180345.44,0
795,Ball,99444.02,0
796,Virgo,109563.28,0
797,Trevisani,92568.07,0
798,Padovano,37976.36,0
799,Tao,103315.74,0
800,Perez,173952.5,0
801,Fraser,34673.98,0
802,Alley,46163.44,0
803,Howells,140676.98,0
804,Cameron,151738.54,0
805,Hooper,14679.81,1
806,Rice,175544.02,0
807,Cox,181964.6,0
808,Martin,136886.86,0
809,Ikenna,122218.23,0
810,Davide,180439.75,0
811,Alexander,190419.81,0
812,Piazza,58685.59,0
813,Ni,89017.38,1
814,Black,50051.42,0
815,Harker,146041.45,0
816,Hughes,191166.09,0
817,Chiabuotu,103516.08,1
818,Kuo,164825.04,0
819,Gallagher,172557.77,0
820,Calabresi,84320.94,0
821,Shaw,122662.98,0
822,Zhirov,72085.1,0
823,Lloyd,110932.24,1
824,Palmer,143635.36,0
825,Ch'eng,3710.34,0
826,Avent,179843.33,0
827,Huang,10643.38,0
828,Shaw,131167.98,0
829,Yuan,10553.31,0
830,Hawkins,130928.22,0
831,Trentini,157003.99,0
832,Cameron,138527.56,0
833,Koehler,167032.49,0
834,Wu,41642.29,0
835,Manna,9677.0,0
836,Okoli,147012.22,0
837,Ch'eng,80553.87,0
838,Nwokezuike,30730.95,1
839,Artemiev,140134.43,0
840,Esposito,91936.1,1
841,Abbie,178252.63,0
842,Fanucci,198674.08,0
843,Jen,28266.9,1
844,Moss,92381.01,0
845,Lo,135180.11,0
846,Averyanov,27330.59,0
847,Unaipon,125305.34,0
848,Clamp,149648.45,0
849,Lim,59887.15,0
850,Wu,45041.32,0
851,Wan,113316.77,1
852,Chambers,39087.42,0
853,Pettit,7330.59,0
854,Baresi,95463.29,0
855,Newbery,167848.02,0
856,Iheanacho,93953.84,1
857,Duncan,174227.66,0
858,Barry,135399.21,0
859,Landry,195635.3,1
860,McGregor,97508.04,1
861,Nucci,188083.77,1
862,Pirogov,116704.25,0
863,Oguejiofor,97614.87,0
864,Ugochukwu,186884.04,0
865,Rohu,131501.72,0
866,Cary,24302.95,0
867,O'Loghlen,110510.28,1
868,Quinn,108488.33,1
869,Page,197015.2,0
870,Evans,27689.77,0
871,McGregor,9217.55,1
872,Andrews,15068.18,0
873,Stanley,7797.01,0
874,Chiazagomekpere,4400.32,0
875,Chidiebele,182025.95,0
876,Gregory,122763.95,0
877,Bednall,38152.01,0
878,Jen,63163.99,0
879,She,73418.29,0
880,Simmons,17978.68,1
881,Fraser,115136.51,1
882,May,149575.59,0
883,Seabrook,60917.24,1
884,Herrera,142548.33,0
885,Kincaid,157878.67,0
886,Sleeman,12796.43,0
887,Hung,18657.77,0
888,Artemieva,134589.58,0
889,Barwell,10350.74,0
890,Wright,66013.27,0
891,Bellucci,5907.11,0
892,Moore,74077.91,0
893,Ball,77294.56,1
894,Sung,54359.02,1
895,Mello,156124.93,0
896,Mistry,94820.85,0
897,T'ien,155155.25,0
898,Fallaci,128702.1,1
899,Hill,22745.5,0
900,Burns,71865.31,1
901,Hunter,84294.82,0
902,Li,149139.13,0
903,Ku,185489.11,0
904,Ch'en,176407.15,1
905,Chukwukadibia,92027.69,1
906,Zikoranachidimma,43932.54,0
907,Oluchukwu,115789.25,1
908,Rivera,125777.28,0
909,Niu,18461.9,0
910,Bennett,79633.38,0
911,Wollstonecraft,121542.29,0
912,Thomsen,94739.2,0
913,Palermo,93302.29,0
914,Chinwendu,193793.78,0
915,McKenzie,74835.65,0
916,James,56999.9,1
917,Lamb,57236.44,0
918,Olejuru,81483.64,0
919,Hay,26752.56,0
920,Lu,9200.54,0
921,Chiawuotu,22447.85,1
922,Yeates,189122.89,1
923,Gallagher,16161.82,0
924,Heath,68600.36,0
925,Ts'ai,447.73,0
926,Thurgood,15650.73,0
927,Pai,149599.62,0
928,Lorenzo,90304.01,0
929,Knupp,115676.38,0
930,Baryshnikov,38812.67,0
931,Azubuike,34338.21,0
932,Shephard,823.36,0
933,Scott,135482.26,1
934,Williamson,10656.89,0
935,Avdeeva,116467.35,0
936,Tang,96823.32,1
937,Hsu,171096.2,0
938,Buchanan,79881.39,0
939,Yeh,157862.82,0
940,Palazzi,127951.81,0
941,Y?an,191074.11,0
942,Lin,157333.69,1
943,Schofield,133457.52,0
944,Lombardi,130789.6,0
945,Wall,128373.88,0
946,Milani,194273.2,1
947,Ejimofor,5684.17,1
948,Blackburn,131043.2,0
949,Wickham,21228.34,1
950,Bird,43250.3,0
951,Ch'en,4389.4,0
952,Wood,189271.9,0
953,Brizendine,102284.2,0
954,Ch'in,156774.94,1
955,Yusupov,69865.49,0
956,Jibunoh,85523.24,0
957,Ts'ui,51219.8,0
958,Ndukaku,7222.92,0
959,Wilder,23971.33,0
960,Maclean,132173.31,0
961,Ch'iu,113639.64,0
962,Cox,39768.59,0
963,Nepean,108732.96,1
964,McNess,117349.19,1
965,Coles,78004.5,0
966,Benson,152417.79,0
967,Gilbert,26057.08,0
968,Wilhelm,79972.09,0
969,Sinclair,107125.79,0
970,L?,47679.14,0
971,Buckner,134509.47,0
972,Padovesi,153265.31,0
973,Gray,179883.04,0
974,Lu,138882.98,0
975,Wright,9855.81,0
976,Palerma,67046.83,1
977,Y?an,56388.63,0
978,Wei,77764.37,0
979,Padovesi,130590.35,0
980,Tsao,151912.49,0
981,Franklin,151083.8,0
982,Clark,777.37,0
983,McGregor,69454.24,1
984,Pan,11723.57,0
985,Kenniff,91565.25,0
986,Spencer,79616.37,0
987,Lees,102299.81,1
988,David,104533.51,0
989,Hsing,140765.57,1
990,Burke,66214.13,0
991,Watson,139816.1,0
992,Hawkins,140139.28,0
993,Ginn,102297.15,0
994,Sozonov,145765.83,0
995,Sun,83912.24,0
996,Hunter,78439.73,0
997,Manfrin,6776.92,0
998,Artamonova,9903.42,0
999,Hansen,91561.91,0
1000,Pai,4027.02,0
1001,Larsen,116111.51,0
1002,Owen,184023.54,0
1003,Murphy,67124.48,1
1004,Ekechukwu,50070.59,0
1005,Ayers,53793.1,1
1006,Johnson,45261.47,0
1007,Millar,36721.4,0
1008,Farrell,130009.85,1
1009,Sanders,175380.77,0
1010,Herrera,127847.25,1
1011,Eberechukwu,138231.7,0
1012,Bardin,48673.18,0
1013,Nwankwo,70668.77,0
1014,Talbot,199505.53,0
1015,McGregor,169583.18,1
1016,Onyeorulu,49063.42,0
1017,Goold,63337.19,0
1018,Zikoranaudodimma,60083.11,1
1019,Garner,48606.71,0
1020,Onyinyechukwuka,165580.93,1
1021,Genovese,194010.12,0
1022,Mai,69263.1,0
1023,Marshall,88698.83,0
1024,Naylor,63030.97,0
1025,Pinto,59668.81,0
1026,Fulton,184230.23,0
1027,Palerma,64050.19,0
1028,McCaffrey,81853.98,0
1029,Collins,154642.91,0
1030,Zuev,145679.6,0
1031,Crawford,30781.77,0
1032,Genovese,81622.52,0
1033,Maclean,196474.35,0
1034,Fabro,176276.1,0
1035,Price,35113.08,0
1036,Chatfield,64299.82,0
1037,Volkova,180969.55,0
1038,Archer,138176.78,0
1039,Ch'iu,86733.61,0
1040,McKay,7418.92,0
1041,Craig,166376.54,0
1042,Abramovich,140881.2,1
1043,Chien,4460.2,0
1044,Timms,110472.12,0
1045,Williford,86460.28,0
1046,Hamilton,16500.66,1
1047,Cheng,114020.06,1
1048,Su,131660.31,0
1049,McKenzie,52449.62,1
1050,Akobundu,161465.31,0
1051,Ko,20018.79,0
1052,Marcelo,176318.27,0
1053,Chukwuebuka,50488.91,0
1054,MacDonald,30379.6,0
1055,Lampungmeiua,161326.73,0
1056,Tai,45348.08,0
1057,Enyinnaya,180251.68,1
1058,McKenzie,34925.56,0
1059,Kline,126555.74,0
1060,Ma,187921.3,0
1061,Wood,136390.88,0
1062,Riggs,78566.64,1
1063,Capon,166038.27,0
1064,Smith,140385.33,0
1065,Davison,38629.3,1
1066,Ingram,24998.75,1
1067,Dilke,128815.33,0
1068,Gibson,19376.56,1
1069,Iadanza,31904.31,1
1070,Hebert,173179.79,1
1071,Pinto,22485.64,0
1072,Dumetochukwu,196668.51,0
1073,Ross,136506.86,0
1074,Jamieson,36278.89,0
1075,Chiganu,163254.39,0
1076,Burgess,99654.13,0
1077,Cheng,20207.02,0
1078,Woods,4195.84,0
1079,Liang,112340.2,0
1080,Bluett,2035.94,0
1081,Chapman,132295.95,0
1082,Andrejew,177383.68,1
1083,Udobata,90284.47,0
1084,Ejimofor,61349.37,0
1085,Spyer,196466.83,1
1086,Walker,70758.37,1
1087,Palermo,13892.57,0
1088,Philip,9684.52,0
1089,Fallaci,40546.15,0
1090,Perry,136603.42,0
1091,Henderson,133172.48,0
1092,Bergamaschi,152821.12,1
1093,Fokine,147715.83,0
1094,Mackay,43169.15,0
1095,Wu,76755.99,1
1096,Maslova,73406.04,1
1097,Wei,176728.28,0
1098,McLean,98309.27,0
1099,Sung,6203.66,0
1100,Paterson,176791.27,0
1101,Fanucci,50679.48,0
1102,Thompson,150580.88,0
1103,Tisdall,80120.19,0
1104,Onochie,151645.96,0
1105,Mironova,55072.32,0
1106,Ndubueze,115068.99,0
1107,Stephenson,149471.13,1
1108,Golubev,46522.68,0
1109,Liao,189995.86,0
1110,Mullan,46369.57,1
1111,Glover,30722.52,1
1112,Northey,70810.6,0
1113,Paterson,106663.46,1
1114,Maclean,175836.03,1
1115,Howarde,85646.41,0
1116,Teng,101485.72,0
1117,Colman,191734.67,1
1118,Johnson,101839.77,0
1119,Butcher,4888.91,0
1120,Stanley,193132.98,0
1121,Jackson,193518.76,0
1122,Hu,93982.02,1
1123,Hill,197000.92,1
1124,Pan,106837.06,1
1125,Han,115161.28,0
1126,Wilkie,196260.3,0
1127,Bray,96404.38,0
1128,Ann,97658.66,0
1129,Souter,49108.23,1
1130,Greco,195651.66,0
1131,Mao,111698.0,0
1132,Anderson,171707.93,0
1133,Ma,66721.98,0
1134,Black,57876.05,0
1135,Medvedeva,177994.81,0
1136,Benson,105125.65,0
1137,Duncan,17439.66,0
1138,Onwudiwe,172668.39,0
1139,Mitchell,753.37,0
1140,Ferrari,98686.4,1
1141,Russo,107047.92,0
1142,Hazon,152153.74,0
1143,Henderson,34338.04,0
1144,Hardy,173878.87,1
1145,Piccio,159254.29,0
1146,Dickson,54776.64,0
1147,Holden,134594.99,0
1148,Hsieh,41724.72,0
1149,Doherty,110527.71,0
1150,Page,8996.79,0
1151,Samuel,190200.53,0
1152,Malloy,115333.43,0
1153,Fitts,143619.52,1
1154,Iadanza,58467.08,0
1155,Wu,12128.69,0
1156,Yefimova,49872.33,0
1157,Pan,139735.54,0
1158,Ts'ui,60891.8,1
1159,Liang,100862.54,0
1160,Tsao,76640.29,1
1161,Abramov,126013.58,1
1162,Millar,87347.82,0
1163,Demuth,77370.37,0
1164,Genovese,62722.44,0
1165,Lawless,196257.68,0
1166,Brooks,81723.8,0
1167,Ignatyeva,31299.71,0
1168,Balmain,63495.86,0
1169,Millar,166520.96,0
1170,Ecuyer,150242.44,0
1171,Parkhill,27345.18,1
1172,Li Fonti,87000.39,0
1173,Beneventi,44912.7,0
1174,Despeissis,179978.68,1
1175,Atkins,145759.7,0
1176,Williams,14121.61,0
1177,Wright,66232.23,0
1178,Hancock,190296.76,1
1179,Hsieh,172782.69,0
1180,Wilkins,99128.13,0
1181,Longo,178341.33,0
1182,Mancini,146992.24,1
1183,Madukaego,151314.98,0
1184,Winter-Irving,92915.84,0
1185,Stewart,58974.0,0
1186,Grant,174627.06,0
1187,Brennan,79579.94,1
1188,She,50771.16,0
1189,Murray,153537.55,1
1190,Rischbieth,132975.39,0
1191,Lung,85208.93,0
1192,Otutodilichukwu,170214.82,1
1193,Thomas,100615.14,1
1194,Fiorentini,186105.99,0
1195,Hughes,55119.53,0
1196,Whitworth,28760.99,0
1197,McIntosh,171021.44,0
1198,Ayers,176678.72,0
1199,Trentino,28667.56,0
1200,Boyd,197238.03,0
1201,McMasters,139994.68,1
1202,Alekseyeva,151169.83,0
1203,Miller,118113.64,0
1204,Baranova,34453.17,0
1205,Mitchell,64872.33,0
1206,Yobachi,10956.82,0
1207,Huang,36885.85,0
1208,Genovese,168053.4,0
1209,Sorokina,155227.0,0
1210,Gray,38409.79,1
1211,Ervin,75279.39,0
1212,Vance,158302.59,1
1213,Noble,11525.72,0
1214,Milanesi,94993.04,1
1215,Parkin,173912.29,1
1216,Cremonesi,41139.05,0
1217,Burns,58019.95,0
1218,Docherty,164128.41,1
1219,Ugonna,46998.13,1
1220,L?,177279.41,0
1221,Bevan,75832.53,0
1222,Hsia,61094.53,0
1223,O'Neill,30117.44,0
1224,Johnstone,179227.12,0
1225,Pham,52110.45,0
1226,Bergamaschi,75248.75,0
1227,Murphy,184317.74,0
1228,Osinachi,158553.1,0
1229,Muravyov,95686.42,0
1230,Igwebuike,71682.54,0
1231,Zack,1790.48,0
1232,Crawford,139431.0,1
1233,Chidiegwu,118358.54,0
1234,Lucchesi,130827.88,0
1235,Pan,119404.63,0
1236,Trevisani,162703.0,0
1237,Yudin,172665.21,0
1238,Wade,170142.09,0
1239,Chung,73977.23,0
1240,Septimus,60906.12,0
1241,Hargraves,194867.27,0
1242,Chukwukadibia,193716.56,0
1243,Sidorov,14633.35,0
1244,Bunton,31730.32,0
1245,Cameron,20063.63,1
1246,Kung,99792.82,0
1247,Hay,37654.31,0
1248,Conti,192449.02,0
1249,Sims,181208.47,0
1250,Carter,155165.61,0
1251,McGregor,121504.18,1
1252,Lo,61569.07,0
1253,Chu,123269.71,0
1254,Dumetolisa,31272.14,1
1255,Peng,62825.03,0
1256,Drake-Brockman,184056.45,0
1257,Wan,48924.73,0
1258,Cameron,191111.02,0
1259,Tretiakov,54184.06,0
1260,Ball,64381.33,1
1261,Sal,78770.86,0
1262,Chung,116766.79,0
1263,Lai,32916.29,0
1264,Gether,50972.6,0
1265,Davidson,122066.5,1
1266,Justice,65996.9,0
1267,Osonduagwuike,79577.38,0
1268,Ewing,130529.13,0
1269,Chin,172629.67,0
1270,Chiang,15216.53,0
1271,Ahmed,17512.53,0
1272,Marshall,131852.01,0
1273,Tsou,181945.52,1
1274,Chien,91482.5,0
1275,Ubanwa,77119.45,0
1276,Kapustin,95611.74,1
1277,Calabresi,80428.42,0
1278,Hsiao,163714.92,0
1279,Grant,27375.15,0
1280,H?,73873.65,0
1281,Chia,139266.48,1
1282,Ugoji,131772.51,0
1283,Gregory,173454.07,0
1284,Mackay,67552.71,0
1285,Nnamutaezinwa,34765.33,0
1286,Findlay,120219.14,0
1287,Ferri,90212.38,0
1288,Ku,164975.82,0
1289,Amechi,1285.81,1
1290,Kirk,83679.46,0
1291,Andrews,34548.74,0
1292,Murray,74275.08,0
1293,Griffin,7278.57,0
1294,Longstaff,162053.92,0
1295,McWilliam,199336.63,0
1296,Coffee,62347.71,0
1297,Hancock,91711.66,0
1298,Clark,79240.9,0
1299,Creswell,76679.6,0
1300,Dodds,162511.55,0
1301,Ewen,21360.88,0
1302,Carter,54487.43,0
1303,Ch'iu,53931.05,1
1304,Tsao,103165.15,0
1305,Burgess,146359.81,1
1306,Fanucci,28370.95,1
1307,Blackburn,10023.15,0
1308,Bennett,192928.82,0
1309,Boniwell,50485.7,0
1310,Vasilieva,131662.47,0
1311,Longo,152235.3,0
1312,Kwemto,68093.23,1
1313,Lawrence,80061.31,0
1314,Duncan,149583.67,1
1315,Bocharova,7631.27,0
1316,Morres,33082.81,0
1317,Shih,121883.87,1
1318,Vogel,100722.72,1
1319,T'an,47093.11,0
1320,Wisdom,177624.01,0
1321,Lorenzo,106149.48,0
1322,Shahan,16874.92,0
1323,Bryant,54560.79,1
1324,Liang,153605.75,0
1325,Chidozie,44390.38,0
1326,Hayward,63218.85,0
1327,Liu,41626.78,0
1328,Alexeeva,24765.53,1
1329,Calabresi,28280.8,1
1330,Lettiere,89043.19,0
1331,Chou,17294.12,0
1332,Nnamutaezinwa,126702.41,0
1333,Nnamutaezinwa,13123.41,0
1334,Greece,167973.63,0
1335,Yin,125870.79,1
1336,Larionova,91972.49,0
1337,Golubev,155593.74,0
1338,Norman,67788.49,0
1339,Capon,62615.35,0
1340,Chukwudi,107415.02,1
1341,Fedorov,166526.26,1
1342,Avdeeva,120107.1,0
1343,Reid,188227.8,0
1344,Kennedy,91560.63,1
1345,Chan,166495.2,0
1346,Wofford,165614.4,0
1347,Mai,86372.24,0
1348,King,2755.53,0
1349,T'ao,83594.51,0
1350,Hsu,103706.41,0
1351,White,5924.38,1
1352,Stephens,58203.67,1
1353,Frolov,49361.84,0
1354,Lombardi,73585.18,1
1355,Munro,95135.27,0
1356,Hayward,38794.57,0
1357,Fields,198926.36,0
1358,Onwumelu,56099.86,0
1359,Suffolk,117023.08,0
1360,Tsao,62083.0,0
1361,Judd,141822.8,0
1362,Hamilton,185387.14,0
1363,T'ang,57461.13,0
1364,Degtyarev,120380.12,0
1365,Kang,133020.9,1
1366,Hudson,13589.93,0
1367,Jibunoh,77830.36,1
1368,Kinlaw,136610.02,0
1369,Chizuoke,17160.94,1
1370,Lucciano,176843.53,0
1371,Omeokachie,114996.33,0
1372,Gorbunova,196990.79,0
1373,Tikhonov,133146.03,1
1374,Campa,185667.72,0
1375,Mancini,24020.49,0
1376,Donoghue,185750.02,1
1377,Tuan,178045.97,0
1378,Johnstone,199857.47,0
1379,Romani,43595.9,0
1380,Fuller,122810.53,0
1381,Baxter,3440.47,1
1382,Pirozzi,35989.41,0
1383,Sung,17163.75,0
1384,Rogers,44506.09,1
1385,Mills,17848.3,0
1386,Osonduagwuike,76209.56,0
1387,Byrne,141476.56,0
1388,McIntyre,60032.46,1
1389,Aitken,100686.11,1
1390,Macintyre,96429.29,0
1391,Simpson,15795.88,1
1392,Simpson,116547.31,0
1393,Metcalfe,191260.74,0
1394,Lees,173870.39,0
1395,Zetticci,117273.35,0
1396,Dale,92277.47,1
1397,Byrne,44244.49,1
1398,Praed,78133.48,1
1399,Laurens,103402.88,0
1400,Woods,137835.82,0
1401,Bykov,20670.1,0
1402,Vorobyova,77469.38,0
1403,Pirogova,57572.38,0
1404,Sturt,75884.65,1
1405,Panicucci,146955.71,1
1406,Cook,67040.12,0
1407,Hardy,178418.35,0
1408,Chu,30807.02,0
1409,Franklin,143835.76,0
1410,P'eng,130883.9,1
1411,Chiang,194343.72,0
1412,Grant,9796.69,0
1413,Udobata,47310.24,0
1414,Siciliani,141148.21,0
1415,Evans,111138.25,0
1416,Young,114182.07,0
1417,Mitchell,127560.77,0
1418,Lucchese,18082.06,0
1419,Hewitt,136330.26,0
1420,K'ung,34121.81,0
1421,Swaim,56246.69,0
1422,Quinones,191417.42,0
1423,Kennedy,23317.88,0
1424,Endrizzi,144675.3,1
1425,Ludowici,175161.05,0
1426,Larson,14928.8,0
1427,Chigolum,161479.19,1
1428,Maclean,133501.94,0
1429,Lu,23703.52,0
1430,Tuan,115985.38,0
1431,Glover,43229.2,0
1432,Landman,94862.93,0
1433,Trevisano,142377.69,0
1434,Longo,135635.25,0
1435,K?,148487.9,0
1436,Muir,58976.85,0
1437,Alexeyeva,76254.83,0
1438,Norman,55857.48,1
1439,Simmons,77867.23,0
1440,Chukwualuka,22878.16,1
1441,McCall,114469.55,0
1442,Moore,96754.8,0
1443,Ingram,125154.57,1
1444,Okeke,113597.64,0
1445,Shao,121408.55,0
1446,Iloabuchi,109219.43,0
1447,Nebechukwu,50230.31,1
1448,Diribe,177719.88,1
1449,Macgroarty,131211.86,0
1450,Artemova,82152.83,1
1451,McDonald,216.27,0
1452,Mazzanti,1713.1,1
1453,Kelly,136910.18,0
1454,Davison,20243.97,1
1455,Reilly,86043.27,0
1456,Ojiofor,126561.07,0
1457,Shelton,64350.8,0
1458,Lange,10472.31,0
1459,Trentini,95941.55,1
1460,Gardiner,125222.36,0
1461,Wan,170950.58,0
1462,Hsu,236.45,1
1463,Hovell,31517.16,0
1464,Zhirov,181610.6,0
1465,Espinosa,156593.09,0
1466,Wallace,4272.0,0
1467,Barbour,163587.9,0
1468,Ozerova,175843.68,1
1469,Wright,166164.3,1
1470,Ulyanova,61796.64,0
1471,Steiner,21439.49,0
1472,Akabueze,19225.85,0
1473,Aleksandrova,132547.02,0
1474,Pinto,62688.55,0
1475,Griffiths,21760.96,0
1476,McNeil,154460.68,0
1477,Bruno,8065.0,0
1478,Johnson,173365.9,1
1479,Okorie,69428.79,0
1480,Moen,12757.14,0
1481,McGuigan,180426.2,0
1482,Fancher,43093.67,0
1483,Matthews,68594.0,0
1484,Kaeppel,197996.65,0
1485,Shih,122953.0,1
1486,Yudina,76821.24,0
1487,Akabueze,141400.51,1
1488,Kornilova,41921.75,1
1489,Ozioma,175664.25,0
1490,Su,117916.63,0
1491,Jamison,194690.77,1
1492,Esposito,166677.35,1
1493,Hardiman,160131.58,0
1494,Woodard,123622.0,0
1495,Chienezie,113483.96,0
1496,Okwuadigbo,79618.79,0
1497,Chineze,24472.23,0
1498,O'Brien,177025.79,0
1499,Tao,103349.74,0
1500,Mao,63606.22,1
1501,Buckland,14490.79,0
1502,Flannery,105080.53,0
1503,Jamieson,83499.89,1
1504,Swift,143598.7,0
1505,Doherty,36091.91,1
1506,Payne,13007.89,0
1507,Genovese,6101.41,0
1508,Lucciano,48314.0,0
1509,Rowley,197111.99,0
1510,Hsing,110299.78,0
1511,Vincent,30114.32,0
1512,Pearce,98894.64,0
1513,Lamb,49826.68,0
1514,Riley,10074.05,0
1515,Honore,20769.88,0
1516,Blackburn,163427.18,0
1517,Endrizzi,140068.77,0
1518,Duncan,83206.19,0
1519,Macarthur,111402.97,1
1520,Gould,92873.5,1
1521,Medvedev,94780.9,0
1522,Sholes,16607.15,0
1523,Shaw,161954.43,0
1524,Ts'ai,194733.28,0
1525,Rolon,163524.7,0
1526,Reid,48260.19,0
1527,Chinwendu,86678.48,0
1528,Fu,3064.65,0
1529,Mackenzie,112124.98,0
1530,Bligh,120801.65,0
1531,Davidson,52193.23,0
1532,Lamble,56636.28,0
1533,Moore,69372.88,0
1534,Jose,164038.07,1
1535,Trevisani,118982.51,0
1536,Schofield,27472.07,0
1537,Stewart,36754.13,0
1538,Jamieson,46416.36,0
1539,Howard,152872.39,0
1540,Onwuamaeze,165227.23,0
1541,D'Albertis,75927.35,0
1542,Brooks,172930.28,0
1543,Gordon,36108.5,0
1544,Nwachukwu,36202.74,0
1545,Chinweike,131886.46,0
1546,Simpkinson,133992.36,0
1547,Walker,96658.26,0
1548,Diribe,135112.09,0
1549,Trentini,163944.18,1
1550,Conway,53843.71,0
1551,Maslow,122398.84,0
1552,Clark,64804.04,0
1553,L?,19370.73,0
1554,Swadling,126192.54,0
1555,Gallo,135459.02,1
1556,Onyemachukwu,94815.04,0
1557,Samoylova,188366.04,1
1558,Dickson,178512.52,0
1559,He,97906.38,0
1560,P'an,72861.94,0
1561,Leak,195978.86,0
1562,Artemieva,19448.93,1
1563,Frost,32635.54,0
1564,Warner,171733.22,0
1565,Kennedy,46176.22,0
1566,Ifeatu,179634.69,0
1567,Evans,191521.32,1
1568,Chu,67998.45,0
1569,Hsueh,44731.8,1
1570,Shih,124532.9,1
1571,Fan,160968.44,0
1572,Whiddon,27341.63,1
1573,Onyekachukwu,53994.64,0
1574,Ermakova,91633.53,0
1575,Marino,189613.12,0
1576,Niu,60706.33,0
1577,Manna,154767.34,0
1578,Onyemere,196853.11,0
1579,Archer,195775.48,0
1580,Mitchell,3086.89,0
1581,Everingham,70618.0,0
1582,Huie,55034.02,0
1583,Crowther,168035.62,1
1584,Swift,128449.33,0
1585,Skelton,199249.29,0
1586,White,149474.69,0
1587,Giordano,126726.33,0
1588,Bateson,147554.26,0
1589,Hu,149399.7,0
1590,Day,93536.38,0
1591,Beneventi,58883.91,0
1592,Elizabeth,154271.41,0
1593,Atkins,122022.89,0
1594,Serrano,50299.14,0
1595,Willis,187800.63,0
1596,Stevenson,171344.09,0
1597,Ch'ien,40920.59,0
1598,Cunningham,63940.68,1
1599,Stephens,29483.87,0
1600,Gordon,179056.23,0
1601,Bevan,129273.94,0
1602,Mashman,55558.51,1
1603,Tu,23305.85,0
1604,Milanesi,17128.64,0
1605,Romano,74641.9,0
1606,Goliwe,154486.01,0
1607,Hsueh,3185.67,0
1608,Gray,88463.63,0
1609,Wright,65682.93,0
1610,Chiemeka,140586.08,0
1611,Chung,117232.9,1
1612,Pinto,116137.01,1
1613,Kellway,105533.96,0
1614,Sopuluchi,81514.06,0
1615,Spitzer,164966.27,0
1616,Potter,23631.55,0
1617,Matthews,105433.53,0
1618,Nicholls,90591.15,0
1619,McDonald,127014.32,0
1620,Fiorentini,90905.26,0
1621,Kovalyova,8651.92,1
1622,Miah,15467.98,0
1623,Builder,79915.28,0
1624,Baddeley,69361.95,0
1625,Hu,86935.08,0
1626,Hs?,7597.83,1
1627,Ford,116957.6,0
1628,Todd,157884.83,0
1629,Johnston,77981.54,1
1630,Obiajulu,126369.55,1
1631,Azubuike,191973.49,1
1632,Padovesi,142940.39,0
1633,Farmer,48869.67,0
1634,Ignatieff,73131.73,0
1635,Lu,120037.36,0
1636,Artemiev,193995.37,0
1637,Okonkwo,179453.66,0
1638,Dore,80963.92,0
1639,T'ang,15658.99,0
1640,Ashbolt,92708.1,0
1641,Bazarova,26542.17,0
1642,Buccho,65010.74,0
1643,Burn,106892.91,0
1644,Andreyev,185210.63,0
1645,Endrizzi,4035.46,0
1646,Brown,177805.44,1
1647,Nock,68831.72,0
1648,Okeke,114732.62,0
1649,Cunningham,22299.27,0
1650,Kelley,197283.2,0
1651,Wilson,179485.96,1
1652,Woods,17699.48,0
1653,McFarland,118490.8,1
1654,Cisneros,133292.94,0
1655,Borchgrevink,58170.24,0
1656,Rozhkova,107137.3,0
1657,Bradley,145071.33,1
1658,Obialo,85495.24,0
1659,Hudson,101139.3,0
1660,Veltri,10511.13,0
1661,Mazzanti,137916.49,0
1662,Thorpe,193383.13,0
1663,Golibe,189826.96,1
1664,Udinesi,144113.42,0
1665,Stewart,143538.51,0
1666,Curtis,77677.14,1
1667,Hayden,183717.94,0
1668,H?,92180.62,0
1669,Campbell,28690.9,0
1670,Green,85891.02,1
1671,P'eng,42050.24,0
1672,Cremonesi,110142.34,0
1673,Liang,179269.79,0
1674,Gough,90558.24,1
1675,Bates,162022.47,0
1676,Padovesi,66926.83,1
1677,Yin,108891.3,0
1678,Kharlamov,71811.9,0
1679,Nicholls,92223.59,0
1680,Burns,78065.9,0
1681,Fleming,59679.9,0
1682,Watson,85000.32,0
1683,Obiajulu,159808.95,0
1684,Han,129001.3,0
1685,Ferguson,113557.7,1
1686,Tao,147758.51,0
1687,Le Grand,28865.59,0
1688,Valdez,160607.06,0
1689,Cunningham,100015.79,1
1690,Godfrey,54478.52,0
1691,Mai,141677.33,0
1692,Walker,84077.6,0
1693,Pirozzi,106981.03,0
1694,Feng,73551.44,0
1695,Akabueze,115842.1,0
1696,Robson,107013.59,0
1697,Yevdokimova,24938.84,0
1698,Ijendu,51113.14,0
1699,Colombo,33828.64,0
1700,Akubundu,128875.86,0
1701,Francis,194700.81,1
1702,Marshall,158974.45,0
1703,Rhodes,198182.73,0
1704,Y?,141404.07,0
1705,Bell,4175.68,0
1706,Kerr,126876.47,0
1707,Jideofor,41052.82,0
1708,Robertson,105760.01,0
1709,Kao,27937.12,0
1710,Palmer,79355.87,0
1711,Mackay,102180.27,0
1712,Burgmann,95719.73,0
1713,Davis,57121.51,0
1714,Milano,162478.11,0
1715,Dellucci,194808.51,0
1716,Coles,124045.65,0
1717,Gray,17987.4,1
1718,Macvitie,133653.38,0
1719,Townsend,25101.17,0
1720,Pope,33330.89,0
1721,Jensen,2401.26,0
1722,Thomson,178361.04,0
1723,Chiazagomekpele,162697.93,0
1724,Ozuluonye,80607.33,0
1725,Wright,23146.62,0
1726,Lung,89893.6,0
1727,Lombardo,3173.31,0
1728,Leonard,123218.81,0
1729,Johnston,74588.41,0
1730,P'eng,31288.77,0
1731,Amechi,58561.31,0
1732,Fang,148804.36,0
1733,Docherty,51117.06,0
1734,Horton,164537.17,0
1735,Vincent,61977.82,0
1736,Onio,193362.99,0
1737,Schiavone,47722.79,0
1738,Chandler,18510.41,0
1739,Fiorentino,65057.71,0
1740,Butusov,46374.64,0
1741,Wang,42039.67,0
1742,Alexeieva,138192.98,1
1743,Vinogradova,22735.45,0
1744,Hughes,186910.74,0
1745,Ts'ao,75285.47,0
1746,Bage,130260.11,1
1747,Yudina,15034.93,0
1748,Naquin,175709.4,1
1749,Endrizzi,101069.71,1
1750,Tang,153012.13,0
1751,Schroeder,86173.92,0
1752,Swearingen,197548.63,0
1753,McGregor,37042.8,0
1754,Onyeorulu,121085.72,0
1755,Clarke,194113.99,1
1756,Smith,101273.23,0
1757,Kozlova,118711.75,1
1758,Nekrasov,582.53,0
1759,Olague,192381.21,0
1760,Holt,136507.69,1
1761,Olsen,138871.12,1
1762,Mazzi,60728.89,0
1763,Niu,189175.71,0
1764,Graham,102547.56,0
1765,Millar,36706.56,0
1766,Bell,44756.25,0
1767,Kelly,132870.15,0
1768,T'an,16287.38,0
1769,Davila,121945.42,0
1770,Willis,131173.9,1
1771,Dumetochukwu,88669.89,0
1772,Giles,160835.3,0
1773,O'Meara,24761.36,0
1774,Yao,138526.96,0
1775,Wallace,157442.75,0
1776,T'ien,105295.77,0
1777,Ndubueze,97782.92,0
1778,Chukwuraenye,68255.88,0
1779,K'ung,108790.95,0
1780,Stevenson,143706.18,0
1781,Marshall,148993.47,0
1782,Hayward,95277.15,1
1783,Tipton,152956.33,0
1784,Gibson,94925.62,0
1785,Fraser,87308.18,0
1786,Fang,83978.86,1
1787,Dubinina,37543.93,1
1788,Morey,104889.3,0
1789,Todd,149705.25,0
1790,Forbes,16445.79,0
1791,De Salis,54689.16,0
1792,Barry,194913.86,0
1793,Afamefuna,146371.72,0
1794,Ibbott,156603.7,0
1795,Marshall,182566.76,0
1796,Law,60194.05,0
1797,Pinto,36579.53,1
1798,Chinedum,5862.53,1
1799,McKay,143030.09,0
1800,Otutodilinna,62700.08,0
1801,She,99017.34,0
1802,Pai,187987.01,0
1803,Kruglov,123454.62,0
1804,Chin,10921.5,0
1805,King,53817.23,0
1806,Hansen,81617.4,0
1807,Ting,192298.84,1
1808,Stone,143882.25,0
1809,McLean,53130.41,0
1810,Zikoranachidimma,190454.04,0
1811,Fu,111906.0,0
1812,Trevisano,113177.95,0
1813,Fallaci,30529.88,0
1814,Wiley,18800.13,0
1815,Chiagoziem,46127.7,0
1816,Murray,75585.48,0
1817,Chuang,63085.94,0
1818,Huang,74415.2,0
1819,Chukwukere,139889.15,0
1820,Hsia,7267.25,0
1821,Lee,186826.22,0
1822,Theus,162149.07,0
1823,Jennings,180150.49,1
1824,Parker,83478.12,0
1825,Tan,26163.74,1
1826,Barry,44381.06,0
1827,Tuan,136365.0,1
1828,Patterson,99294.22,0
1829,Ofodile,173464.43,1
1830,Chandler,127543.81,0
1831,Nash,52526.65,0
1832,Atkinson,32589.45,0
1833,Brenan,47161.25,1
1834,Obidimkpa,45424.13,0
1835,Terry,8018.49,0
1836,Spring,195668.0,0
1837,Mahmood,133167.11,1
1838,Campbell,123602.11,1
1839,Bellucci,186238.85,0
1840,Amaechi,158668.87,0
1841,Foxall,9249.36,0
1842,Bentley,116581.1,0
1843,Baird,44688.08,0
1844,Howard,148608.39,0
1845,Henry,188670.9,1
1846,Sopuluchukwu,107067.37,0
1847,Rocher,61759.33,1
1848,White,192776.64,0
1849,Komar,46735.19,0
1850,Russo,169117.74,0
1851,Loewenthal,89081.41,0
1852,Aliyeva,105227.86,0
1853,Montes,128246.81,0
1854,Kuo,94554.74,1
1855,Cheng,33823.5,1
1856,McIntosh,97468.44,1
1857,T'ao,164137.36,0
1858,Tyndall,191313.7,0
1859,Bailey,65257.57,0
1860,Onyekaozulu,178222.77,0
1861,Nwachukwu,179445.28,0
1862,Romani,65500.53,1
1863,Chin,97877.92,0
1864,Bellucci,113051.57,0
1865,Christmas,105969.05,0
1866,Moore,122996.76,0
1867,Genovesi,68087.15,0
1868,Cartwright,21478.36,0
1869,Johnstone,158437.73,0
1870,Warner,76551.7,0
1871,Stephenson,15887.68,0
1872,Ellis,33741.84,0
1873,Nebechi,20652.69,0
1874,Chu,112781.5,0
1875,Onuchukwu,119996.95,0
1876,Steele,6981.43,1
1877,Quaife,185211.28,1
1878,Scott,78436.36,0
1879,Yeh,139048.0,0
1880,Y?,136329.96,0
1881,Conti,14721.8,0
1882,Holder,3430.38,0
1883,Burgess,160450.21,0
1884,Ozuluonye,1485.27,0
1885,De Luca,19720.08,0
1886,Li Fonti,41183.02,0
1887,Freeman,139410.08,0
1888,Pisani,163691.48,0
1889,Ignatieff,115147.33,0
1890,Lahti,74945.11,0
1891,Perkins,180363.56,0
1892,Conway,196021.73,0
1893,Hayes,125979.36,0
1894,Rizzo,111421.77,0
1895,Krylov,115818.51,0
1896,Li Fonti,179360.76,0
1897,Talbot,82351.06,0
1898,Matthias,192744.23,1
1899,Boyle,113408.47,0
1900,Ch'eng,124641.42,0
1901,Mason,54871.02,0
1902,Bruno,98820.09,0
1903,Smeaton,45570.84,0
1904,Miller,182336.45,0
1905,Gotch,118825.56,0
1906,Fu,103372.79,0
1907,O'Toole,43486.73,0
1908,Ledford,40062.99,0
1909,Iadanza,46175.7,0
1910,Alaniz,120830.73,0
1911,Saunders,5967.09,0
1912,Lin,122134.56,1
1913,Pinto,62972.13,0
1914,Streeter,174815.54,0
1915,Shaw,192841.13,0
1916,Chen,33310.72,1
1917,Barclay,72876.43,1
1918,Kodilinyechukwu,50911.41,0
1919,Otitodilichukwu,142400.27,1
1920,McKenzie,48778.46,0
1921,Woods,156361.58,1
1922,Hsing,133807.77,1
1923,Wheare,179128.69,1
1924,Yobachi,91810.71,0
1925,Fang,173195.33,0
1926,Pearson,182270.88,0
1927,Brown,177130.33,0
1928,L?,49954.79,1
1929,Padovesi,141896.74,0
1930,Soto,120661.71,0
1931,Greco,149814.68,1
1932,Giordano,41782.7,0
1933,Bogle,46172.47,0
1934,Grimmett,2704.09,0
1935,Ayers,6726.53,0
1936,Miller,170764.08,0
1937,Webb,45742.42,0
1938,Lombardi,162304.59,0
1939,Wei,80883.82,0
1940,Ross,118508.09,1
1941,Jideofor,69697.74,0
1942,King,183575.01,0
1943,Nwokeocha,161203.6,0
1944,Humphries,143752.77,0
1945,Olisaemeka,121894.31,1
1946,Yobanna,147055.87,0
1947,Ch'iu,172033.57,0
1948,Fleming,143774.06,0
1949,Trevisan,139366.58,0
1950,Aleksandrova,81776.84,1
1951,Onwuamaeze,190998.96,1
1952,Knox,4470.52,0
1953,Chia,135851.3,0
1954,Townsend,172372.63,0
1955,Dike,135875.51,1
1956,Moyes,128124.7,1
1957,Beavers,167023.95,1
1958,Tretiakova,149807.01,0
1959,Fuller,54290.62,0
1960,Dellucci,86013.96,0
1961,Ritchie,79886.06,0
1962,Aikenhead,141959.11,1
1963,Douglas,66680.77,0
1964,Kung,98640.15,1
1965,MacDonald,142797.5,1
1966,Okwudilichukwu,163581.67,0
1967,Ni,163221.22,0
1968,Simmons,12440.44,0
1969,H?,145551.6,0
1970,Hancock,50908.48,0
1971,Cran,30149.21,0
1972,McKay,57769.2,0
1973,P'an,156381.47,0
1974,Parkhill,178123.86,0
1975,Golubova,51112.8,0
1976,Nwankwo,173783.38,0
1977,Johnson,174770.14,1
1978,Mao,172063.09,0
1979,Echezonachukwu,155294.17,0
1980,McElyea,40320.3,0
1981,Rosas,134260.34,0
1982,Phillips,147090.9,0
1983,Palerma,132368.47,0
1984,Morris,164741.5,0
1985,Pavlova,63051.32,1
1986,Lu,199761.29,0
1987,Yamamoto,55725.04,1
1988,Angelo,163145.5,1
1989,Zaitsev,57992.49,0
1990,Cawker,193093.77,0
1991,Froggatt,57531.14,0
1992,Gorbunov,77242.19,0
1993,Tai,153046.16,1
1994,Rowe,63405.2,1
1995,Mikkelsen,106564.88,0
1996,Kovalyov,42763.12,1
1997,Mbanefo,168753.34,0
1998,Ts'ai,19483.35,0
1999,Enderby,158646.46,0
2000,Lombardi,83172.19,0
2001,Hamilton,76889.79,0
2002,Hsia,51554.58,0
2003,Mao,105570.39,0
2004,Ugochukwu,79495.01,0
2005,West,52583.79,1
2006,Hughes,26848.25,0
2007,Chukwuemeka,10072.55,1
2008,Lira,187296.78,0
2009,Li,104016.61,1
2010,Castiglione,151310.16,0
2011,Paterson,62810.91,0
2012,Blair,60830.38,0
2013,Dellucci,116672.02,0
2014,Udinesi,77304.49,0
2015,Yuan,52894.01,0
2016,Yuryeva,116471.43,0
2017,Wilson,4539.38,0
2018,Dean,142367.72,0
2019,Ross,110520.48,0
2020,Kent,188258.49,0
2021,Vasiliev,197322.13,0
2022,Golibe,80241.14,0
2023,Chukwukere,172814.99,0
2024,Fedorova,38410.74,1
2025,Chien,17622.82,0
2026,Rossi,48021.71,0
2027,Samson,88958.49,1
2028,Fenton,116343.09,0
2029,Mackey,166102.61,0
2030,Payton,104353.26,0
2031,Cowger,115429.32,0
2032,Banks,178106.34,1
2033,Pugliesi,132152.32,0
2034,Fantin,21521.38,0
2035,Bentley,27431.62,0
2036,Freeman,42143.61,0
2037,Wong,106457.11,1
2038,Onwuamaeze,133831.37,1
2039,Shen,164083.72,0
2040,Huang,159207.34,0
2041,Yeh,84487.62,0
2042,Shih,3674.71,0
2043,Henderson,12092.03,0
2044,Fang,77475.73,0
2045,Dellucci,41291.73,0
2046,Chou,343.38,0
2047,Conti,47432.43,0
2048,Roberts,127827.18,0
2049,Lo Duca,35633.15,1
2050,Glover,182865.09,1
2051,Johnstone,169386.81,0
2052,Ashton,149073.88,0
2053,Melton,184107.26,1
2054,Marshall,22750.17,0
2055,Kenenna,11950.29,0
2056,Zakharov,152880.07,1
2057,Chukwualuka,175252.78,0
2058,Chu,174303.29,0
2059,Capon,80701.72,0
2060,Cattaneo,198516.2,0
2061,Patrick,175756.36,0
2062,Taylor,82824.08,0
2063,Stephenson,179866.01,1
2064,Yeh,159899.97,0
2065,DeRose,138504.28,0
2066,Vavilov,127394.67,0
2067,Browne,58961.49,0
2068,Collingridge de Tourcey,103644.98,1
2069,Rowe,119647.7,0
2070,Jibunoh,28465.86,1
2071,Korovin,152979.14,0
2072,Hammonds,190911.02,0
2073,Ward,95794.98,0
2074,Olisanugo,189742.78,1
2075,Gallop,188574.08,0
2076,Gartrell,183872.88,1
2077,K'ung,196555.32,0
2078,Oluchi,112503.24,1
2079,Jamieson,46864.0,0
2080,Barlow,65864.4,1
2081,White,125167.92,0
2082,Stewart,177519.39,0
2083,Buccho,169653.32,0
2084,Benson,118372.55,1
2085,Thompson,16481.12,0
2086,Todd,138525.19,0
2087,Burgin,14608.0,1
2088,Nnaife,81548.38,0
2089,Okwudiliolisa,69608.48,0
2090,Johnson,68873.8,0
2091,Parkes,81102.81,0
2092,Lo,81054.0,1
2093,Martin,74149.77,0
2094,Kapustina,99503.19,0
2095,Page,10109.47,0
2096,Amaechi,58855.85,0
2097,Munro,84402.46,0
2098,Panicucci,49713.87,1
2099,Greathouse,133537.53,0
2100,Ts'ui,124615.59,0
2101,Napolitani,98090.69,0
2102,Beers,42607.69,0
2103,Tretyakova,192434.11,0
2104,Lin,60686.4,0
2105,Costa,49463.44,0
2106,Ibezimako,81431.99,1
2107,Marcelo,22909.56,0
2108,Hay,65532.17,0
2109,Moore,141053.85,0
2110,Lumholtz,3472.63,1
2111,Simpson,102083.78,0
2112,Hill,1801.77,0
2113,Mouzon,85185.44,0
2114,Wu,119882.7,0
2115,Pirozzi,83715.66,1
2116,Ibeabuchi,23425.78,0
2117,Garnsey,77326.78,0
2118,Synnot,156150.08,1
2119,Wildman,108577.97,0
2120,Anenechukwu,133573.29,1
2121,Tai,102057.86,0
2122,Plant,47247.56,0
2123,Azubuike,114566.47,0
2124,Galkin,184464.7,1
2125,Johnston,151401.33,0
2126,Babbage,70607.1,0
2127,Walker,147074.67,0
2128,Rice,105780.18,0
2129,Norton,109496.45,0
2130,Bogolyubov,137739.45,0
2131,Gibbons,105140.92,0
2132,Chia,113276.46,1
2133,Smith,172531.23,0
2134,Hunter,64375.4,0
2135,Ekechukwu,28434.44,1
2136,Bellucci,46941.41,0
2137,Ford,29333.01,0
2138,Scott,193724.51,0
2139,Gregson,34967.75,1
2140,Moore,55663.85,0
2141,Wallace,55753.12,1
2142,Cook,176962.31,0
2143,Speth,181507.44,0
2144,Boag,61995.57,0
2145,Grave,98349.13,0
2146,Streeten,59748.19,0
2147,Fox,159840.51,0
2148,Artemyeva,6656.64,0
2149,Giordano,37141.62,1
2150,Perkins,37094.75,0
2151,Walton,159475.08,1
2152,Hay,51548.14,1
2153,Gardner,58719.63,1
2154,Milne,7861.68,1
2155,She,19199.61,0
2156,Hu,178504.29,0
2157,Uwakwe,189016.14,0
2158,Bird,156048.64,0
2159,Anderson,52876.41,0
2160,Bellew,19653.08,0
2161,Cocci,139451.98,0
2162,Krichauff,128136.29,0
2163,Cameron,45206.57,0
2164,Becker,190146.83,0
2165,Ainsworth,158313.87,0
2166,Biryukov,96670.2,0
2167,Redding,62163.53,0
2168,Wood,88428.41,1
2169,Scott,35908.46,0
2170,Gould,168780.04,0
2171,Hao,191263.76,0
2172,Power,83052.03,0
2173,White,125962.02,0
2174,Thorpe,164696.27,0
2175,Tuan,187011.96,0
2176,Inman,55324.49,0
2177,Hanson,34335.55,0
2178,MacDonald,17004.14,0
2179,Parkes,116331.42,0
2180,Stanley,22974.01,0
2181,Fischer,49725.16,1
2182,Chinweuba,87412.74,0
2183,Henning,26136.89,0
2184,Ogochukwu,126554.96,0
2185,Narelle,193321.3,0
2186,Bergman,90928.02,1
2187,Sagese,76510.46,0
2188,Anenechi,120115.5,0
2189,Palerma,197984.58,0
2190,Okwudilichukwu,142977.05,1
2191,Harrison,82522.61,1
2192,Jamieson,150664.97,0
2193,Goodman,114153.44,0
2194,Ko,171706.66,0
2195,Norman,119071.56,1
2196,Ugochukwutubelum,143007.49,1
2197,Uvarova,31302.35,0
2198,Chia,71139.8,0
2199,Piazza,54122.89,0
2200,Power,120031.29,0
2201,P'eng,104076.51,0
2202,Johnson,175853.64,0
2203,Walker,175795.87,0
2204,Innes,15360.91,0
2205,Francis,168460.12,0
2206,Chidozie,181177.9,0
2207,Mackenzie,58363.94,0
2208,Craigie,20276.87,1
2209,Manfrin,91514.62,0
2210,Onyekachi,76703.1,0
2211,Pethard,110887.14,0
2212,Nwabugwu,109843.16,0
2213,DeRose,12577.21,1
2214,Ch'eng,179365.1,0
2215,Padovesi,65816.53,0
2216,Obielumani,124170.9,0
2217,Stephens,175015.12,0
2218,Emery,115441.66,0
2219,Dufresne,128247.03,0
2220,Lee,141914.94,0
2221,Hsing,115566.57,1
2222,Longo,175423.69,0
2223,Vial,133447.49,0
2224,Chukwudi,114474.98,0
2225,Grant,52044.66,0
2226,Ma,180290.68,0
2227,Sun,132034.13,0
2228,Moss,20968.88,0
2229,Booth,158735.1,0
2230,Ross,196134.44,0
2231,Ndukaku,22374.97,0
2232,Pruneda,161668.15,0
2233,Neumann,67339.34,0
2234,Calabrese,56229.72,1
2235,Yobachukwu,140991.23,1
2236,Tung,177644.52,1
2237,Marchesi,142342.55,1
2238,Hess,154559.28,0
2239,Pickering,176570.28,1
2240,Mazzi,191961.83,0
2241,Madukaego,9452.88,1
2242,Trentino,165257.31,0
2243,Paterson,169763.89,1
2244,Marchesi,160663.11,0
2245,Anayolisa,192072.1,1
2246,Poole,93275.61,0
2247,Zhou,112269.67,0
2248,Bates,2186.83,0
2249,Olejuru,43075.7,0
2250,Bustard,12368.11,0
2251,Wade,42410.21,0
2252,Tan,190430.81,0
2253,Ngozichukwuka,138394.37,0
2254,Calabrese,172501.38,0
2255,Lane,197916.43,0
2256,Forbes,7035.36,0
2257,Davy,159676.55,0
2258,Ma,80603.99,0
2259,Barrera,187599.8,0
2260,Alexander,94450.97,0
2261,Ngozichukwuka,143981.27,0
2262,Murray,26450.57,1
2263,Hall,164482.92,0
2264,Padovesi,84012.81,0
2265,Lysaght,101192.08,0
2266,Kelechi,175324.74,1
2267,Nebechi,197226.32,0
2268,Hanson,99504.03,1
2269,Kao,83700.66,0
2270,Tu,28226.15,1
2271,Palerma,35321.65,0
2272,Fallaci,41229.73,1
2273,Shen,78970.58,0
2274,Ts'ui,107890.69,1
2275,Chikezie,191870.28,0
2276,He,7905.06,1
2277,Dreyer,65731.53,0
2278,Short,145698.73,0
2279,Hunt,50046.25,0
2280,Ricci,60830.24,0
2281,Teng,158853.98,0
2282,Ijendu,111243.09,0
2283,Kibby,171014.69,0
2284,Obiuto,170835.32,0
2285,Ramos,47775.34,1
2286,Calabrese,139297.71,0
2287,Vasin,195167.38,0
2288,Munro,160948.87,0
2289,Keeley,44965.54,1
2290,Archer,52137.73,0
2291,Murray,109296.18,0
2292,Chidiegwu,20092.89,0
2293,Tang,197804.0,1
2294,Farrar,118782.06,0
2295,Shaw,152876.13,1
2296,Napolitani,135655.29,1
2297,Greenhalgh,103970.58,0
2298,Martin,35786.76,0
2299,Hu,25325.07,0
2300,Y?an,18732.84,0
2301,Odili,118522.73,0
2302,H?,89972.25,0
2303,Chiemela,187194.15,0
2304,Yuan,106785.7,0
2305,Clements,142516.35,0
2306,Kolesnikov,73334.43,0
2307,Rutherford,186612.47,0
2308,Hsiung,123613.81,0
2309,Angelo,31368.08,1
2310,Mendes,40066.95,0
2311,McGregor,175969.19,0
2312,Bronner,10034.77,1
2313,Mironova,151167.94,0
2314,Ku,191387.76,0
2315,Evans,51229.17,0
2316,Henderson,87351.42,1
2317,Smith,48984.95,0
2318,Russell,182738.0,0
2319,Sun,153535.27,0
2320,McDonald,125079.65,0
2321,Wong,162321.26,0
2322,Niu,3414.72,0
2323,Fanucci,165082.25,0
2324,Zetticci,52021.39,0
2325,Hsia,148256.43,0
2326,McIntosh,122899.01,0
2327,Kozlova,10771.46,0
2328,Meany,18255.51,0
2329,Thompson,183566.78,0
2330,Le Gallienne,175224.12,0
2331,Cheng,147913.56,0
2332,P'eng,180598.66,0
2333,Lloyd,186136.48,0
2334,Wheeler,7455.2,0
2335,Christie,80552.11,1
2336,He,25722.28,1
2337,King,170996.86,0
2338,Favors,20603.32,0
2339,Vida,141763.26,0
2340,Thomas,122284.38,1
2341,Wayn,190011.85,0
2342,Tan,128046.98,0
2343,Gibson,135662.17,0
2344,Y?,7571.51,1
2345,Calabresi,23596.24,0
2346,Enyinnaya,92727.42,1
2347,Ritchie,65156.83,1
2348,Chia,60151.77,0
2349,Wang,149097.38,1
2350,Lorenzo,35199.24,1
2351,Pai,129451.29,1
2352,Nuttall,145134.49,1
2353,Osborne,192709.69,0
2354,Ferri,139083.7,0
2355,Hamilton,83629.6,1
2356,McEwan,35625.41,0
2357,Lai,35338.96,0
2358,Hs?,15602.8,0
2359,Thompson,182355.21,0
2360,Boyd,89327.67,0
2361,Trevisani,151903.6,0
2362,Lucciano,11.58,1
2363,Holman,77519.62,0
2364,Bazhenov,91423.69,0
2365,Douglas,106287.77,0
2366,Hill,161800.77,0
2367,Lo,80582.34,1
2368,Forbes,185094.48,0
2369,Lin,172586.89,1
2370,Sinclair,195649.79,0
2371,Kemp,145792.01,0
2372,Ebelegbulam,138510.01,1
2373,Woods,168895.06,0
2374,Genovese,97983.44,0
2375,Tseng,85167.88,0
2376,Chiang,18210.36,0
2377,Williams,13608.18,0
2378,Wilson,110457.99,0
2379,Wang,31231.35,0
2380,Moore,141582.66,0
2381,Iadanza,14666.35,1
2382,Wallace,55400.17,0
2383,Clark,174667.65,0
2384,Y?,154189.08,0
2385,Yermakov,142170.44,0
2386,Wei,94499.06,0
2387,Chukwunonso,182081.45,0
2388,McIntyre,68562.26,1
2389,Ts'ai,88798.02,0
2390,Chung,113781.99,0
2391,Tsou,121866.87,0
2392,Aitken,150390.57,0
2393,Dawson,60708.72,1
2394,Ward,78858.07,0
2395,Pai,56407.42,1
2396,Ifeanyichukwu,125698.97,0
2397,Briggs,23235.38,0
2398,Morrison,75732.25,0
2399,Wall,179861.79,0
2400,Nebechukwu,42976.64,0
2401,Yao,10486.69,0
2402,Liao,56794.73,0
2403,Ch'ang,28157.34,0
2404,Burke,152422.91,1
2405,Kay,167033.83,0
2406,McIntyre,126082.18,0
2407,Chidiegwu,181499.77,1
2408,Musgrove,41967.03,0
2409,Boulger,186300.59,0
2410,Gow,85412.54,0
2411,Amaechi,23343.18,0
2412,Robe,180698.32,0
2413,Bibi,136071.05,0
2414,Niu,175149.2,1
2415,Palerma,146949.74,0
2416,Cocci,88920.68,0
2417,Artemieva,45098.62,0
2418,Arcuri,20339.79,1
2419,Owen,108528.74,0
2420,Franklin,145560.38,0
2421,Lorenzo,199357.24,0
2422,Muriel,43106.17,0
2423,MacDevitt,137508.31,0
2424,Chijindum,91957.39,0
2425,Gibson,120612.11,0
2426,Whitehead,102921.17,0
2427,Johnstone,31686.33,1
2428,Endrizzi,180002.42,0
2429,Burke,28407.4,0
2430,Johnson,73743.95,1
2431,Yeh,186233.26,1
2432,Marshall,31728.86,1
2433,Kao,48244.64,0
2434,Browne,113266.28,1
2435,Taylor,71178.09,0
2436,Gibbons,25684.93,0
2437,Nott,29737.14,0
2438,Lei,149922.38,1
2439,Alexeeva,180702.12,1
2440,Sheets,27597.59,0
2441,Tokaryev,95025.27,0
2442,Ts'ui,167035.07,0
2443,Johnston,116781.71,0
2444,Kung,21170.81,0
2445,Unwin,29641.58,0
2446,Hsueh,116520.07,0
2447,Hao,44220.4,0
2448,L?,166188.28,0
2449,Frater,140857.76,1
2450,Brennan,37024.28,0
2451,Pisani,27513.47,0
2452,Golubev,17744.72,0
2453,Vanmeter,4423.63,0
2454,Hs?,109718.44,1
2455,Scott,107243.31,1
2456,Crawford,115288.24,0
2457,P'eng,41233.97,0
2458,Rearick,52952.24,0
2459,Genovesi,78955.8,1
2460,Glenny,26025.6,1
2461,Marks,174536.17,0
2462,Fleming,147311.47,1
2463,Davison,77965.44,0
2464,Chibuzo,5635.63,0
2465,Wilson,81310.1,0
2466,Endrizzi,111421.45,0
2467,Yuryeva,190269.21,0
2468,Ugochukwu,100950.48,0
2469,Lo Duca,113033.73,1
2470,Gallo,120663.57,0
2471,Trout,187192.23,0
2472,Morley,97825.23,0
2473,Chou,169621.69,1
2474,Shao,191557.1,1
2475,Trentino,103287.62,0
2476,Mazzanti,167538.66,0
2477,Endrizzi,64869.32,1
2478,Monaldo,102426.06,0
2479,Otutodilinna,107876.2,0
2480,Allen,37294.88,0
2481,Milne,89248.99,0
2482,Somadina,91973.63,0
2483,Chieloka,16870.2,0
2484,Chukwuebuka,121681.19,0
2485,Chioke,33730.43,0
2486,Kovalev,104786.59,0
2487,Doherty,94790.34,0
2488,Baranov,28726.07,0
2489,Rossi,67057.27,0
2490,Robinson,69079.85,0
2491,Bidencope,179780.74,0
2492,T'ien,183572.39,1
2493,De Bernales,142587.32,0
2494,Wade,177844.06,0
2495,Chung,197634.11,1
2496,Stevenson,121053.19,0
2497,Chienezie,149613.77,0
2498,Cashin,142.81,0
2499,Seppelt,131766.67,1
2500,Brownless,53311.78,0
2501,McDonald,107665.02,0
2502,Mamelu,109523.88,0
2503,McGregor,112132.86,0
2504,McDonald,113645.4,0
2505,Crawford,180890.4,0
2506,Feng,70974.13,0
2507,Genovese,53379.52,0
2508,Pirozzi,158531.01,0
2509,Gibbs,179267.94,1
2510,Milne,84606.03,0
2511,Dickson,56984.58,0
2512,O'Connor,116912.45,0
2513,McGuirk,102999.33,0
2514,Toscani,132801.57,0
2515,Ruth,85455.62,1
2516,Hughes,98657.01,0
2517,Onyekaozulu,107948.72,0
2518,Aksenov,67944.09,1
2519,K'ung,192892.05,0
2520,Meng,187247.56,1
2521,Nwoye,114722.42,0
2522,Calabresi,111687.57,0
2523,Milano,184182.25,0
2524,Kirby,52759.82,1
2525,Ho,126451.14,0
2526,Chukwuemeka,12048.67,0
2527,Hale,95804.33,0
2528,K?,197911.52,0
2529,Rice,182531.74,0
2530,Brown,168002.31,1
2531,Sagese,79450.61,0
2532,Aksyonova,60615.83,0
2533,Findlay,8643.21,0
2534,Walker,172172.7,0
2535,Hao,174434.06,1
2536,Hammer,194930.3,1
2537,Abbott,137476.71,0
2538,Lucas,94415.6,0
2539,Davydova,120376.87,1
2540,West,97623.42,1
2541,Smith,66238.23,1
2542,Mai,131710.59,1
2543,Fiorentino,69052.87,0
2544,Freeman,56780.97,0
2545,Nkemjika,170072.9,0
2546,Ramos,191849.15,1
2547,Mario,84803.76,0
2548,Chien,31840.59,1
2549,Dubinina,12096.61,1
2550,Wang,44165.84,0
2551,Hsieh,91406.62,0
2552,Moran,83282.21,0
2553,Hung,198446.91,1
2554,Moss,7554.68,0
2555,Fedorova,80416.16,0
2556,Li,164549.74,0
2557,Nebechi,175477.03,0
2558,Obialo,137903.54,0
2559,Bateson,93795.86,0
2560,Long,67997.13,1
2561,Nelson,49492.15,0
2562,Bell,35825.18,0
2563,Udinese,67494.23,0
2564,Mao,73963.17,1
2565,Fanucci,145159.26,0
2566,Yeh,123850.58,0
2567,Onuoha,23822.04,0
2568,Moore,45750.21,1
2569,Thornton,159773.14,0
2570,Warlow-Davies,84238.63,0
2571,Champion,72330.46,0
2572,Mazzanti,26767.85,0
2573,Macleod,164768.82,0
2574,Lei,1112.76,1
2575,Lucchese,176680.16,1
2576,Lombardo,43999.64,0
2577,William,140746.13,0
2578,Wright,152790.92,0
2579,Ozoemena,81537.85,1
2580,Boyle,7387.8,1
2581,Chinwendu,183038.33,0
2582,Uwaezuoke,138849.06,0
2583,Archambault,170333.38,0
2584,Ko,60416.76,0
2585,Udegbulam,100240.2,0
2586,Greene,2704.98,0
2587,Hunter,68815.05,0
2588,Blinova,64839.23,0
2589,De Garis,144494.94,0
2590,Okwudiliolisa,185510.34,0
2591,Ts'ai,56055.72,0
2592,Tuan,155061.97,0
2593,Tseng,119817.19,0
2594,Holmwood,16259.64,1
2595,Thompson,184654.87,0
2596,Y?,5278.78,0
2597,Chidubem,113244.73,0
2598,Trevisani,8908.0,0
2599,Hsiung,64490.67,0
2600,Randall,154971.63,1
2601,Leach,155786.39,0
2602,Godfrey,129084.82,0
2603,Wallace,188533.11,0
2604,Wei,13411.67,0
2605,Mitchell,15733.19,0
2606,Light,73127.61,0
2607,Capon,101704.19,0
2608,Hou,101986.16,0
2609,Rowe,114442.66,0
2610,Holloway,15669.17,0
2611,O'Sullivan,157486.1,0
2612,Udinesi,131281.28,0
2613,Nwebube,197001.15,0
2614,Chibueze,128881.87,1
2615,Walker,85101.0,0
2616,Gregory,149822.04,0
2617,Kuo,108040.86,1
2618,Wilson,135795.53,0
2619,Lanford,25867.67,1
2620,Meng,130483.56,0
2621,Yeh,183479.12,0
2622,Onwuatuegwu,77027.34,0
2623,Goliwe,94141.75,0
2624,Anthony,4092.75,0
2625,Scott,109257.59,0
2626,Genovese,104617.99,0
2627,Onyeorulu,167705.07,0
2628,Myers,103712.05,1
2629,Davey,161242.99,1
2630,Parsons,6089.13,0
2631,Chikere,159777.37,0
2632,Hs?eh,7919.08,0
2633,Sal,188274.6,0
2634,Ts'ai,27608.12,1
2635,Witt,183569.25,0
2636,Skelton,145537.32,0
2637,Kazantseva,164717.95,0
2638,Bowhay,76357.43,0
2639,Beyer,120158.72,1
2640,Fries,151843.54,0
2641,Tao,5698.97,0
2642,Kaodilinakachukwu,122865.55,0
2643,Ni,152665.85,0
2644,Hsueh,192131.77,0
2645,Connely,62851.6,0
2646,Becker,140941.47,0
2647,Clayton,56767.67,1
2648,Connolly,177235.23,0
2649,Graham,86242.18,0
2650,Ch'ien,34215.58,0
2651,Manfrin,44406.17,0
2652,Kuo,165196.65,0
2653,Fomin,34542.41,0
2654,Chamberlain,74838.64,1
2655,Barber,36980.54,0
2656,Zimmer,111676.63,0
2657,Brazenor,25858.68,0
2658,Cocci,177028.0,1
2659,Caldwell,30990.16,1
2660,Yirawala,136915.15,0
2661,Donaldson,108457.99,1
2662,Ozerova,131609.48,1
2663,Bruce,159737.56,0
2664,Kang,142238.54,0
2665,Rossi,105890.55,1
2666,Ts'ai,194270.91,0
2667,Moran,105443.47,0
2668,Jennings,173899.42,1
2669,Tokareva,122823.34,0
2670,Pagnotto,13181.37,1
2671,Castella,140780.8,0
2672,Du Cane,78560.64,0
2673,Ferguson,185855.21,0
2674,Odinakachukwu,128276.95,0
2675,Woronoff,140197.42,0
2676,Meng,32462.39,1
2677,Sinclair,162253.9,0
2678,Hsu,30498.7,0
2679,Panicucci,90280.7,0
2680,Burns,32615.21,0
2681,Onodugoadiegbemma,196142.26,0
2682,Darling,16998.72,0
2683,Maggard,62980.96,0
2684,Thomas,185660.3,0
2685,Lettiere,77331.77,0
2686,Ponomaryov,97338.62,0
2687,Oliver,67234.33,0
2688,Chienezie,143783.28,0
2689,Mao,77661.12,1
2690,Ho,89123.99,0
2691,Lucchese,70810.8,0
2692,Prokhorova,17550.49,0
2693,Alekseyeva,21497.27,0
2694,Blacklock,124749.08,0
2695,Sazonova,36051.46,1
2696,Henty,143681.83,0
2697,Li,150694.58,0
2698,Azuka,170487.4,1
2699,Alexander,97684.46,0
2700,Brock,53520.03,0
2701,Shen,15200.61,0
2702,Padovesi,196894.62,0
2703,Bulgakov,4969.13,1
2704,Mazzanti,26229.24,0
2705,Lord,134034.32,0
2706,Ramos,198032.93,0
2707,Pai,119882.86,0
2708,Yuan,133102.3,0
2709,Mao,176395.02,0
2710,Uspenskaya,193179.88,0
2711,Powell,125062.02,0
2712,Brown,143287.58,0
2713,Poole,87236.4,0
2714,McChesney,93769.89,0
2715,Lucchese,88965.46,0
2716,Clements,30793.61,0
2717,Yuriev,74532.02,0
2718,Endrizzi,113086.08,0
2719,Pan,32574.01,1
2720,Manfrin,130113.78,1
2721,Kennedy,104722.47,1
2722,Conway,14559.62,0
2723,Lablanc,598.8,0
2724,Dodd,129697.99,0
2725,Muir,36315.03,0
2726,Milanesi,1114.12,0
2727,Shen,70954.41,0
2728,Dillon,73470.98,0
2729,Hoelscher,91573.19,0
2730,Bell,3154.95,0
2731,Liao,88187.81,0
2732,Udokamma,118855.26,1
2733,Sinnett,125256.53,0
2734,Palerma,39016.43,0
2735,Chimaijem,145796.49,0
2736,Porter,168816.22,0
2737,Fan,73322.0,0
2738,Palmer,113677.53,1
2739,Younger,124607.7,0
2740,Burke,11276.48,0
2741,Nwagugheuzo,136620.64,0
2742,Young,70523.92,0
2743,Watson,51980.25,1
2744,Tseng,113481.02,0
2745,Drake,49025.79,0
2746,Hanna,145937.99,0
2747,Padovesi,25161.61,0
2748,Loftus,175753.55,1
2749,Buccho,24903.09,0
2750,Lorenzo,169719.35,1
2751,Ibezimako,179565.57,0
2752,Wei,115337.74,1
2753,Ross,48131.92,0
2754,Oluchukwu,160828.98,0
2755,Walker,145151.96,0
2756,Wu,196293.76,0
2757,Chidalu,161653.5,1
2758,Ingram,84635.64,0
2759,Ch'en,159486.76,0
2760,Iredale,38596.34,0
2761,Gallagher,27814.74,0
2762,Padilla,183893.31,0
2763,Potter,140803.7,0
2764,Mao,146585.53,0
2765,Schneider,40062.29,0
2766,Ibragimova,181300.32,0
2767,Huang,84136.12,0
2768,Anderson,197594.34,0
2769,Nakayama,125953.83,1
2770,Gardener,75465.41,0
2771,Aksenova,177737.07,0
2772,Milne,7144.46,0
2773,Onwumelu,155639.76,0
2774,Kudryashova,162428.05,0
2775,Hart,12457.76,1
2776,Teng,14917.09,0
2777,Kruglova,182184.09,1
2778,Palerma,129984.2,0
2779,Brookes,194872.97,0
2780,Hsing,117507.11,0
2781,Shaffer,157527.6,1
2782,Laurie,92612.88,0
2783,Chung,74850.84,0
2784,Whitfield,127413.0,0
2785,Thomas,69584.3,1
2786,Rioux,198814.24,1
2787,Osonduagwuike,162643.15,1
2788,Matveyev,114092.52,0
2789,Hayward,68860.3,1
2790,Nkemdirim,16150.34,0
2791,Brim,115227.02,0
2792,Trevisano,170621.55,0
2793,Soubeiran,103099.22,0
2794,Wilson,172495.81,1
2795,Helena,38772.82,0
2796,Duncan,44946.29,0
2797,Hale,146007.7,0
2798,Macdonald,145558.42,0
2799,McKay,193312.33,0
2800,Chiekwugo,40257.79,0
2801,Skinner,46677.9,0
2802,Sorokina,153887.93,1
2803,Weller,103108.33,0
2804,Bess,58652.23,0
2805,MacDonald,91624.11,1
2806,Gray,65986.48,1
2807,Ogbonnaya,113845.19,0
2808,Udegbulam,67607.9,0
2809,Mai,145471.94,0
2810,Yeh,124071.71,0
2811,Babbage,67502.12,0
2812,Franklin,78707.97,0
2813,Randell,171189.83,1
2814,Paterson,149381.32,0
2815,Pickering,100335.55,0
2816,Uspensky,152698.24,0
2817,Macleod,41192.95,0
2818,Nnaife,132540.33,0
2819,Randolph,96875.52,0
2820,Kudryashova,152305.47,0
2821,George,49672.01,0
2822,Robertson,133997.53,0
2823,Yuryeva,50454.8,0
2824,Hurst,16402.11,0
2825,Ch'iu,67803.83,0
2826,King,9241.78,0
2827,Esposito,100601.73,0
2828,Fraser,98734.15,0
2829,Trentini,160574.09,0
2830,Nicholls,26015.8,0
2831,Montalvo,187172.54,0
2832,Tien,55763.66,0
2833,Chuang,75848.22,0
2834,Fang,40313.47,0
2835,Kosisochukwu,23864.21,0
2836,Young,51380.9,0
2837,Scott,93551.36,0
2838,Yeh,169415.54,0
2839,Vigano,6935.31,0
2840,Windradyne,25399.7,0
2841,Curnow,66256.27,0
2842,Ugonna,114709.13,1
2843,De Neeve,158357.97,0
2844,Ricci,164815.59,0
2845,Nnaife,132127.69,1
2846,Ebelechukwu,146637.45,0
2847,Keating,90256.06,1
2848,Tuan,34827.43,0
2849,Shearston,22074.48,0
2850,Tien,109805.17,0
2851,Hamilton,100478.6,1
2852,Arnold,97416.34,0
2853,Ting,24207.86,1
2854,Chao,69132.66,0
2855,Powell,9376.89,0
2856,Williams,43046.7,1
2857,Cheng,20856.31,0
2858,Zhdanova,187048.72,0
2859,Tsai,53420.53,0
2860,Nebechukwu,37013.29,0
2861,Fetherstonhaugh,89566.64,0
2862,Ojiofor,149913.84,0
2863,Severson,18066.69,0
2864,Speight,26912.34,0
2865,Greenwalt,173511.72,0
2866,Grover,146785.44,0
2867,Milani,1050.33,0
2868,Akobundu,89587.34,1
2869,Anderson,74405.34,0
2870,Chien,54409.48,0
2871,Kennedy,3647.57,0
2872,Castiglione,198874.52,1
2873,Marshall,53412.54,0
2874,Duncan,194867.78,0
2875,Uspenskaya,150452.88,0
2876,Thomson,57807.05,0
2877,Calabrese,107534.32,0
2878,Herrera,194073.33,0
2879,Muse,126233.18,1
2880,Marsden,182354.46,1
2881,Artemyeva,120586.32,0
2882,McKay,50578.4,0
2883,Chuang,86575.46,0
2884,Nicholls,153392.28,0
2885,Dennis,115509.59,0
2886,Knight,82176.48,0
2887,Webb,63717.49,0
2888,Pugliesi,198745.94,0
2889,Nebechukwu,5719.11,0
2890,Ward,20058.61,0
2891,Nixon,170638.98,0
2892,Chidubem,30607.11,0
2893,Rivers,37171.46,0
2894,Sochima,42589.33,0
2895,Heydon,66799.28,0
2896,Lombardo,101866.39,0
2897,Holland,49284.0,0
2898,Tien,27445.4,1
2899,Bryant,70760.69,0
2900,Hao,104502.02,1
2901,Genovesi,165407.96,0
2902,Kovalev,113580.79,0
2903,Hsieh,45978.39,0
2904,Debellis,152012.36,0
2905,Chibueze,77349.92,0
2906,Padovano,47322.05,0
2907,Yen,38772.65,0
2908,Kibble,24489.44,0
2909,Lori,14466.08,0
2910,Enemuo,63142.12,0
2911,Lu,41858.43,0
2912,Nebeolisa,127443.82,1
2913,Stewart,84151.98,0
2914,Ward,58595.64,0
2915,Milanesi,37240.11,1
2916,Chikwado,114522.68,1
2917,Douglas,72549.27,1
2918,Sal,176712.59,1
2919,Douglas,152855.96,0
2920,Yates,73371.65,0
2921,Watt,70323.68,0
2922,P'an,9663.28,0
2923,H?,142514.66,0
2924,Perry,118623.94,0
2925,Lavrov,68400.14,0
2926,Chiekwugo,115291.86,0
2927,Macdonald,170382.99,0
2928,Jenkins,112946.67,1
2929,Korovina,79812.77,0
2930,Manning,19862.78,0
2931,Wilson,158610.89,0
2932,Begum,191212.63,1
2933,Ingrassia,61931.21,0
2934,Maclean,58043.02,1
2935,Olejuru,22247.27,0
2936,Enyinnaya,31448.52,0
2937,Watson,146875.86,0
2938,Langdon,116081.93,0
2939,Frolov,73669.94,1
2940,Chikezie,93959.96,0
2941,Zetticci,158918.03,0
2942,Yang,198193.75,0
2943,Lin,13160.03,0
2944,Goddard,4660.91,0
2945,Rogers,180197.74,1
2946,Zubareva,63023.02,0
2947,Onochie,118971.74,0
2948,Ts'ui,154700.61,0
2949,Newsom,97577.17,0
2950,Genovese,48990.5,0
2951,Thorpe,140262.96,1
2952,Horton,130189.53,0
2953,Williamson,16301.91,0
2954,Shoobridge,126962.41,0
2955,Peng,158750.53,0
2956,Gray,199644.2,0
2957,Watson,144272.71,1
2958,Fyodorova,98320.27,0
2959,Bazhenov,64129.03,0
2960,Solomon,181221.09,0
2961,Layh,163809.08,0
2962,John,171457.06,1
2963,Tuan,15801.02,0
2964,Slattery,102950.79,0
2965,Onyekachi,174918.46,0
2966,Genovese,193160.25,1
2967,Daniels,5831.0,1
2968,Caldwell,82298.59,0
2969,Chiemenam,130686.59,0
2970,Wanliss,52885.23,1
2971,Bruce,68985.99,0
2972,Wright,35367.19,0
2973,Fang,196241.94,1
2974,Eames,170705.53,0
2975,Sutherland,126477.41,0
2976,Cavenagh,159618.17,0
2977,Dumetolisa,195395.33,1
2978,Mackay,168285.85,0
2979,Dellucci,138052.51,0
2980,Kenyon,71179.31,0
2981,Parry,55556.3,0
2982,Kennedy,31705.19,0
2983,Arnott,186118.93,0
2984,Hanson,195580.28,0
2985,T'ao,54113.38,0
2986,Shen,127528.84,0
2987,Steere,60231.74,1
2988,Abbott,156878.42,1
2989,Sutherland,182784.11,1
2990,Thurgood,129690.5,0
2991,Johnson,113860.81,0
2992,Lung,184524.74,0
2993,Cocci,36124.98,0
2994,Matveyeva,121316.07,0
2995,Moore,185630.76,0
2996,Yobachukwu,71133.12,0
2997,Fleming,32020.42,0
2998,Dickinson,162760.96,0
2999,Evseyev,175178.56,0
3000,Aksenov,177099.71,0
3001,Fleming,66406.37,0
3002,Ulyanov,59559.81,0
3003,Summers,175750.21,0
3004,Clements,174311.3,0
3005,Kazakova,171716.81,0
3006,Pirozzi,189362.39,1
3007,Jamieson,180716.1,1
3008,Ferri,116977.89,0
3009,Mai,185105.44,0
3010,Hannaford,35046.97,1
3011,Fomin,36251.0,0
3012,Mahon,103174.5,0
3013,Shaw,122642.09,0
3014,Volkova,122937.57,0
3015,Miles,8757.39,0
3016,Madison,125782.29,0
3017,Scott,122487.73,0
3018,Voss,20066.38,0
3019,Colebatch,55473.15,0
3020,Wilson,38962.94,0
3021,T'ang,63795.8,0
3022,Gibson,163060.43,0
3023,Hs?eh,26578.69,0
3024,Pan,5066.76,0
3025,Chikelu,140497.67,0
3026,Allan,146156.98,0
3027,Yefremova,199316.19,0
3028,Chuang,103944.37,0
3029,Fan,138021.36,0
3030,Dellucci,68621.98,0
3031,Garran,28149.06,0
3032,Moretti,135169.76,1
3033,Yao,116537.96,0
3034,Lucchesi,105922.69,0
3035,Nkemdilim,88211.12,1
3036,Anderson,26900.63,0
3037,Sagese,3494.02,0
3038,Rubensohn,113163.17,0
3039,Baldwin,19324.5,0
3040,Iqbal,189678.7,0
3041,Monaldo,26387.71,0
3042,Mahon,106276.55,0
3043,Muir,45015.38,0
3044,Burns,173495.77,0
3045,Dyer,52581.96,0
3046,Lyons,146339.27,1
3047,H?,182609.97,0
3048,Gardiner,197890.65,0
3049,Cameron,6225.63,0
3050,Chapman,123977.86,1
3051,Taylor,170195.4,0
3052,Namatjira,114190.3,0
3053,He,27022.57,0
3054,Leibius,59457.0,0
3055,White,165038.41,0
3056,Wall,154181.41,0
3057,Moretti,134960.98,0
3058,Patterson,65708.5,0
3059,Coppin,117374.22,0
3060,Tsao,77703.19,0
3061,Kao,177651.38,0
3062,Stewart,60954.45,0
3063,Tuan,151924.9,0
3064,Barnes,26318.73,0
3065,Sun,147557.71,0
3066,Fallaci,125918.17,0
3067,Buccho,190803.37,0
3068,Tien,11043.54,0
3069,Pirozzi,119100.05,1
3070,Liu,140579.17,0
3071,Long,37731.95,0
3072,Scott,1852.58,0
3073,Gerasimova,172049.84,0
3074,Ifeatu,133591.11,1
3075,De Luca,192751.18,0
3076,Ogbonnaya,193828.27,0
3077,Humffray,55775.72,0
3078,Degtyaryov,102280.29,0
3079,Monaldo,44965.44,0
3080,Cawthorne,170661.02,0
3081,Graham,197145.89,0
3082,Carpenter,192359.9,1
3083,Kambinachi,141210.18,1
3084,Tyler,100557.03,0
3085,Martin,130805.54,1
3086,Walker,92606.98,0
3087,Khan,123956.83,0
3088,Iroawuchi,102758.43,0
3089,Summers,94876.65,0
3090,Bottrill,94811.85,1
3091,Hu,67840.81,0
3092,Jones,4050.57,0
3093,Vincent,134665.25,0
3094,Sanford,181647.13,0
3095,Brown,33282.84,0
3096,Lei,27965.0,1
3097,Toscani,68343.53,0
3098,Chien,198161.07,0
3099,Uchenna,196858.4,0
3100,Lori,120511.03,0
3101,Fanucci,30886.35,0
3102,Chimaobim,2743.69,0
3103,Jowers,167778.62,0
3104,Miller,132404.64,0
3105,Kirsova,144423.17,1
3106,T'ien,181204.5,0
3107,Ku,182726.22,1
3108,Chin,120880.72,0
3109,Law,26812.89,1
3110,Chung,66732.63,1
3111,Cockrum,100834.22,0
3112,Greaves,107815.31,1
3113,Grant,34665.79,0
3114,O'Donnell,147093.84,1
3115,Maclean,36942.35,0
3116,Hsieh,16460.77,0
3117,Hs?,45610.63,0
3118,Mazzanti,184954.11,0
3119,Chiu,47795.43,1
3120,Reeves,196789.9,0
3121,Castiglione,173425.68,0
3122,Ferguson,36221.18,0
3123,Nnamdi,174738.2,0
3124,Wu,67131.3,1
3125,Chu,165692.03,0
3126,King,194691.95,0
3127,Charlton,129525.5,1
3128,Marsh,146511.2,0
3129,Walker,51752.18,0
3130,Chang,35418.69,1
3131,Pottinger,57995.74,0
3132,Buckley,108152.75,0
3133,Folliero,166144.98,0
3134,Olisanugo,101737.8,0
3135,Kent,33326.71,0
3136,Jessop,81140.09,0
3137,Hodge,140173.17,1
3138,Ignatiev,166513.49,1
3139,Chambers,103232.6,0
3140,Mansom,120736.04,0
3141,Yen,15832.43,1
3142,Azikiwe,188772.45,0
3143,Allen,114323.66,0
3144,Komarova,181534.04,0
3145,Mackay,102640.52,1
3146,Yu,158585.17,1
3147,Curtis,178722.24,0
3148,Fang,153955.38,1
3149,Page,65374.86,0
3150,Olisaemeka,102986.15,0
3151,Brennan,136643.84,0
3152,Sutton,77063.63,1
3153,Hyde,9633.01,0
3154,Nkemakolam,43496.36,0
3155,Chimaijem,24267.28,0
3156,Sung,59354.24,1
3157,Chiganu,28269.86,0
3158,Beneventi,143162.34,0
3159,Esposito,20199.3,0
3160,Owen,48606.92,0
3161,Smalley,89013.67,0
3162,Hsiung,59890.29,0
3163,Ch'ang,106655.88,1
3164,Barton,156439.56,0
3165,Lucchese,24176.44,0
3166,Hsia,43507.1,1
3167,Pope,132005.85,1
3168,Horrocks,80496.71,1
3169,Tai,88947.56,0
3170,Chikezie,12639.67,1
3171,Frye,94248.16,1
3172,Toscani,11865.76,0
3173,Mellor,141449.86,0
3174,Kang,149457.81,0
3175,Sutherland,119814.25,1
3176,Hs?,24924.92,0
3177,Ting,139481.53,0
3178,Chuang,41268.65,0
3179,Chu,1351.41,0
3180,Ozoemena,147489.76,1
3181,Howells,111175.09,0
3182,Lucchese,95963.14,0
3183,Nnonso,43128.95,0
3184,Gerasimova,137674.96,1
3185,Woronoff,153383.54,1
3186,Wilhelm,96660.76,0
3187,Nebechukwu,115818.16,0
3188,Anenechukwu,37898.5,0
3189,Meredith,145222.93,0
3190,Chinomso,41219.09,0
3191,Stephenson,59249.83,0
3192,Chimaoke,116747.62,0
3193,Winters,116249.72,1
3194,Napolitani,61257.83,0
3195,L?,141798.98,0
3196,Williams,102638.35,0
3197,Giles,13210.56,0
3198,Wang,35550.97,0
3199,Robertson,104469.06,1
3200,Murray,142935.83,0
3201,Greco,195486.28,0
3202,Marchesi,63170.0,0
3203,Chao,58320.06,0
3204,Hawthorn,177747.03,1
3205,Bibi,19632.64,1
3206,Hawdon,18424.24,1
3207,Moss,18897.78,0
3208,Briggs,97879.02,0
3209,McIntyre,63197.88,0
3210,Russo,75860.01,0
3211,Ballard,78622.46,0
3212,Hs?,23598.23,1
3213,Pisani,13460.27,0
3214,Tao,19998.31,0
3215,Thomson,185075.63,0
3216,Hsu,135815.38,0
3217,Morrison,44251.33,0
3218,Joslin,136349.55,0
3219,Scott,52693.99,0
3220,Bidwill,93767.03,0
3221,Cameron,197866.55,0
3222,Cartwright,126812.85,0
3223,Yao,79503.05,0
3224,Tate,129936.53,1
3225,Neal,175094.62,0
3226,Yao,130379.5,0
3227,Burns,153228.0,0
3228,Onyinyechukwuka,111285.85,0
3229,Fulks,49553.38,1
3230,Christie,98015.85,0
3231,Lloyd,88481.32,0
3232,Ball,66879.27,0
3233,Genovesi,24802.77,0
3234,Alexander,21312.16,1
3235,Siciliano,190263.78,0
3236,Ositadimma,72873.33,0
3237,Kazantsev,57764.65,0
3238,Giles,110273.84,1
3239,Hao,55500.17,0
3240,Martin,57541.08,1
3241,Hartley,90384.26,0
3242,Allan,120694.35,0
3243,Dolgorukova,178028.96,0
3244,Nnamdi,180990.29,0
3245,Romano,155407.21,1
3246,Chuang,33676.48,1
3247,Owen,89666.28,0
3248,Singh,127558.26,0
3249,Nwagugheuzo,77272.62,0
3250,Shipton,107665.68,1
3251,Paterson,184044.8,1
3252,Rivas,91510.71,0
3253,Lung,87363.56,0
3254,Allan,117505.07,1
3255,Fetherstonhaugh,180626.68,0
3256,Lung,93478.96,0
3257,Davidson,114672.64,0
3258,Mai,13387.88,0
3259,Dellucci,173240.52,0
3260,Mitchell,27557.18,1
3261,Sun,5552.37,0
3262,Napolitano,88307.87,1
3263,Bailey,33879.26,1
3264,Hoolan,181429.87,0
3265,Kent,102655.31,0
3266,Chou,96555.42,0
3267,Pepper,189366.03,0
3268,Abramowitz,12847.61,1
3269,Lord,143433.33,0
3270,Wilson,183983.82,0
3271,Abazu,169137.24,0
3272,Harriman,163365.85,1
3273,Frankland,123181.44,1
3274,Pinto,16447.6,1
3275,Kwemtochukwu,173948.4,0
3276,Chiu,192154.66,0
3277,Yu,198224.38,0
3278,Onyekachukwu,67202.74,0
3279,Castiglione,68789.93,0
3280,To Rot,147964.99,1
3281,Anenechukwu,161069.73,0
3282,Henderson,127749.61,0
3283,Ellis,191914.37,0
3284,Nkemdirim,185791.9,0
3285,Kang,184570.04,1
3286,Lear,130446.65,0
3287,Jamieson,82867.55,0
3288,Mazzanti,187632.22,0
3289,Marino,56759.79,0
3290,Winter,34180.33,0
3291,T'ien,158545.25,0
3292,Hughes-Jones,182337.98,0
3293,Cody,84175.34,0
3294,Hunt,22197.8,1
3295,Estrada,189641.11,0
3296,Dickinson,154491.39,0
3297,Fanucci,90020.74,0
3298,Yang,197264.35,0
3299,Forbes,31933.06,0
3300,Heard,8755.69,1
3301,Efremova,52820.13,0
3302,Morphett,20008.46,0
3303,Lenhardt,34607.14,1
3304,Burns,177384.45,0
3305,Ch'ien,165702.64,0
3306,Sun,167889.1,0
3307,Jamieson,133122.62,0
3308,Nolan,140454.14,0
3309,Barry,59938.81,0
3310,Saunders,12016.79,0
3311,McMorran,81251.24,0
3312,Phelan,134169.85,0
3313,Fu,94888.6,0
3314,Hotchin,175696.16,1
3315,Aksyonov,96758.58,0
3316,Rossi,128019.48,1
3317,Hughes,146895.36,1
3318,Duncan,139356.3,0
3319,McGarry,2923.61,0
3320,Aksenov,121232.51,0
3321,Akhtar,2053.42,0
3322,Pisani,6382.46,0
3323,Pisano,158750.13,0
3324,McDaniels,74028.36,0
3325,Tennant,44099.75,0
3326,Donaghy,17323.0,1
3327,Todd,175043.69,0
3328,Tobenna,146388.85,1
3329,Vicars,2465.8,0
3330,Chao,47799.15,0
3331,Tien,165562.84,0
3332,Hsing,72927.68,0
3333,Yang,38270.47,0
3334,Walker,120893.07,0
3335,T'ang,188377.21,0
3336,Chukwukere,55902.93,0
3337,Ch'iu,4523.74,1
3338,Pai,102195.16,0
3339,Franklin,60843.09,1
3340,Y?,25548.47,0
3341,Peng,134462.29,0
3342,Otitodilichukwu,132702.64,0
3343,Pagnotto,75698.44,0
3344,Vessels,105642.43,0
3345,Heller,102153.75,0
3346,Donaldson,166677.54,0
3347,Ifeanyichukwu,24218.65,0
3348,Kao,117122.5,0
3349,Dunn,51871.95,1
3350,Calabresi,84321.03,0
3351,Holland,160213.27,0
3352,Calabresi,88695.19,0
3353,Butusov,6123.15,0
3354,Atkinson,167749.54,0
3355,Vasilyeva,71638.0,0
3356,Mollison,198064.52,0
3357,Webb,54914.92,0
3358,Obiajulu,190659.17,1
3359,Aiken,51637.67,0
3360,Brabyn,119333.38,0
3361,Su,127095.14,0
3362,Traeger,93541.14,0
3363,Ekwueme,89289.54,0
3364,Thompson,108762.16,0
3365,Chinwenma,28238.25,1
3366,Tuan,34130.43,0
3367,Tsai,7926.35,1
3368,Liu,27330.27,0
3369,Robinson,79997.14,0
3370,Carr,50213.81,1
3371,Palerma,60920.03,1
3372,Chineze,197699.8,1
3373,Fang,92809.73,0
3374,Simpson,163516.16,0
3375,Moretti,62449.07,1
3376,Hale,115800.1,1
3377,Benson,110359.68,1
3378,Estep,78695.68,0
3379,Mishina,128378.04,0
3380,Abramovich,155248.62,0
3381,Lavrentiev,123499.27,0
3382,Alexeyeva,99920.41,0
3383,T'ang,53289.49,0
3384,Kilgour,67622.34,0
3385,Chin,11783.1,1
3386,Fiorentini,62402.38,0
3387,Lori,186235.98,0
3388,Marchesi,79005.95,0
3389,Sheppard,144870.28,1
3390,Nnanna,95481.0,0
3391,Norris,820.46,0
3392,Vincent,174777.98,0
3393,Bradley,8991.17,0
3394,Bellucci,2797.27,0
3395,Clements,22303.17,0
3396,Knowles,197562.08,0
3397,Chidiebere,23067.97,0
3398,Kelly,190294.12,0
3399,Okwukwe,113167.17,1
3400,Onyemere,124777.14,0
3401,Murphy,124625.08,0
3402,Elliott,49599.27,0
3403,Loggia,151411.5,0
3404,Walsh,122964.18,0
3405,Mahomed,57088.97,0
3406,Dolgorukova,7820.78,0
3407,Bogdanov,149188.41,0
3408,She,134638.97,0
3409,Cook,184980.23,1
3410,Bruno,122373.42,0
3411,Moysey,80215.2,0
3412,Beneventi,14081.64,0
3413,Ferri,199390.45,0
3414,Skinner,7667.48,0
3415,Angel,74965.61,1
3416,Toosey,30583.95,0
3417,Chin,149682.78,0
3418,Lung,92664.09,0
3419,Mellor,138423.1,0
3420,Hassall,3148.2,0
3421,Richardson,197933.5,0
3422,Poninski,37341.17,0
3423,Dore,79577.4,0
3424,Bonham,197602.29,0
3425,Ibezimako,87537.32,0
3426,Hunter,41623.59,0
3427,Bold,168280.95,0
3428,Wan,125986.18,0
3429,Bradley,548.52,1
3430,Tretyakova,96088.54,0
3431,Graham,107787.42,0
3432,Izmailov,20510.79,0
3433,Calabrese,192026.02,0
3434,Valentin,118188.15,0
3435,Osonduagwuike,189540.95,0
3436,Williamson,63736.17,0
3437,Pan,95740.37,0
3438,Carpenter,127939.19,0
3439,McIver,193438.69,0
3440,Trevisan,90655.94,1
3441,Rozhkova,12067.39,0
3442,He,54191.38,0
3443,Moretti,58667.16,1
3444,Fishbourne,35687.43,0
3445,Gibson,14288.93,0
3446,Zikoranachidimma,247.36,0
3447,Palmer,78111.84,1
3448,Chukwueloka,79547.39,0
3449,Real,193266.72,0
3450,Chikelu,105028.46,0
3451,Fiorentini,116106.52,0
3452,Yefimova,53179.21,1
3453,Ball,140947.05,0
3454,Ch'in,171837.06,0
3455,Odell,123437.05,0
3456,Enemuo,197519.66,1
3457,Hunter,183058.51,1
3458,Nepean,22710.72,0
3459,Nwebube,69303.15,0
3460,Enticknap,63705.9,0
3461,Lu,116429.51,0
3462,Ugochukwu,58381.77,0
3463,Mann,177378.66,1
3464,Murphy,35450.53,0
3465,Docherty,164621.43,0
3466,Adams,174435.48,0
3467,Hirst,94047.75,0
3468,Horan,119087.25,0
3469,Cumbrae-Stewart,184800.27,0
3470,Kinney,75035.48,0
3471,T'ang,62703.38,0
3472,Muir,190882.69,0
3473,Toscano,91981.85,1
3474,Wallace,91881.29,0
3475,Fraser,7118.02,0
3476,Iqbal,11710.4,1
3477,Nina,25904.12,0
3478,Chuang,86911.49,0
3479,Ch'ien,10958.18,0
3480,Bruno,5790.9,1
3481,Kennedy,42855.97,0
3482,Lawrence,78915.68,0
3483,Mort,81409.0,0
3484,Goliwe,179252.73,0
3485,Martinez,42171.13,1
3486,Vasilyev,58965.04,0
3487,Black,102681.32,0
3488,Napolitani,125553.52,0
3489,Ch'en,53478.02,0
3490,Sagese,198376.02,1
3491,Fraser,105525.36,0
3492,Hughes,47349.0,0
3493,Giles,178822.32,0
3494,Lacross,72127.83,0
3495,Pisani,163504.33,0
3496,King,190623.02,0
3497,Maughan,140758.07,1
3498,Palerma,132374.41,0
3499,Tochukwu,53949.98,0
3500,Slate,121982.73,0
3501,Ch'ang,136983.77,0
3502,Romani,114371.33,1
3503,Genovese,62389.35,0
3504,Chiebuka,24435.77,0
3505,Liao,10908.33,0
3506,Berry,90977.48,0
3507,Fallaci,81062.93,0
3508,T'an,61230.83,0
3509,Wilkinson,126837.72,0
3510,Palerma,115668.53,0
3511,Lazarev,38819.45,0
3512,Boylan,86994.54,0
3513,Warren,195204.99,0
3514,Trevisani,131301.74,0
3515,Trevisano,100835.19,0
3516,Liao,198969.78,0
3517,Burgess,41542.95,0
3518,Liston,118272.07,0
3519,Thompson,69586.27,1
3520,Milanesi,149629.13,1
3521,Mazure,146680.25,0
3522,Rudduck,132809.18,0
3523,Darwin,28707.69,0
3524,Uvarova,104706.29,0
3525,Buccho,75335.68,0
3526,Gallo,136827.96,0
3527,Tomlinson,139065.94,0
3528,Carr,70179.91,0
3529,Ts'ui,116160.04,0
3530,Coates,83008.49,1
3531,Hickey,188484.52,1
3532,Norton,133699.82,1
3533,Mancini,72172.13,1
3534,Tien,191057.76,0
3535,Stobie,48233.75,0
3536,Drakeford,79178.31,0
3537,Pisani,162347.05,0
3538,Murphy,7611.61,1
3539,Kovalev,88890.05,0
3540,Crawford,63833.09,0
3541,Maclean,78310.04,0
3542,Blackburn,37898.91,0
3543,Bermudez,179521.24,1
3544,Savage,130726.96,0
3545,Wyatt,198714.29,0
3546,Chiemenam,89543.25,0
3547,Shao,2423.9,1
3548,Langdon,180326.83,0
3549,Napolitano,166305.16,1
3550,Kung,29883.63,0
3551,Blackwood,192029.19,0
3552,Marcelo,1710.89,0
3553,Yin,135163.76,1
3554,Storey,84927.42,0
3555,Fomin,149912.28,1
3556,Nkemjika,88206.04,1
3557,Glasgow,163667.56,0
3558,Chen,100153.43,0
3559,Ch'ang,32275.09,1
3560,Evans,65501.91,1
3561,Crotty,189392.66,0
3562,Cocci,116069.24,1
3563,Iroawuchi,139861.53,0
3564,Chia,144184.06,1
3565,Hysell,157888.5,0
3566,Williamson,71911.3,0
3567,Ginikanwa,45033.75,0
3568,Chigolum,150465.93,0
3569,Morley,126381.6,1
3570,Roberts,90189.72,1
3571,Tokareva,122433.09,0
3572,Fleming,123825.83,0
3573,Chinomso,11426.7,0
3574,Compton,114951.42,0
3575,Wan,184636.05,0
3576,Taylor,91055.27,0
3577,Kambinachi,93991.65,0
3578,Chang,116511.12,1
3579,See,190631.23,0
3580,Dyer,199970.74,0
3581,Campbell,139947.17,0
3582,Cremonesi,8816.37,0
3583,Harris,135650.72,1
3584,Threatt,24577.34,0
3585,Lane,131249.46,0
3586,Grave,140126.17,0
3587,Stanley,168219.75,0
3588,McIntosh,171867.08,0
3589,Watts,70613.52,0
3590,Alekseyeva,117946.3,0
3591,Davies,84872.66,0
3592,Matlock,60590.72,1
3593,Fedorova,8444.5,0
3594,Chiedozie,159132.83,0
3595,Marcelo,76998.69,0
3596,Cooper,55835.66,0
3597,McMillan,177524.19,0
3598,Hardy,45985.52,0
3599,Madukwe,60297.72,0
3600,Adamson,194421.12,1
3601,Watt,93568.77,1
3602,Mazzanti,34702.92,0
3603,Mishin,54473.6,1
3604,Feng,113943.17,0
3605,Kang,153727.32,0
3606,Kelly,19116.97,0
3607,Yu,112554.68,0
3608,Bull,47318.75,0
3609,Serra,36690.49,0
3610,Ferguson,106918.67,1
3611,She,194563.65,0
3612,Hamilton,91086.73,0
3613,Nnanna,108008.65,0
3614,Summerville,172363.52,0
3615,Allan,178587.36,1
3616,Tobenna,31907.44,1
3617,Volkova,18922.18,1
3618,Nucci,147222.95,1
3619,Wright,1474.79,0
3620,Astorga,24924.92,0
3621,Pokrovsky,46884.1,0
3622,Mazzanti,128918.42,0
3623,Blesing,105291.26,0
3624,Ku,145381.65,0
3625,Pisani,103792.53,0
3626,Hsueh,71121.04,1
3627,Ricci,52327.57,0
3628,Azubuike,197428.64,0
3629,Nevzorova,83210.84,0
3630,Odili,193099.43,0
3631,Kung,193008.52,0
3632,Lei,157567.37,0
3633,Sheehan,108977.5,0
3634,Kung,147759.84,0
3635,Kelechi,27528.4,0
3636,Anenechi,36479.27,0
3637,McElhone,31726.76,1
3638,Chigbogu,96398.51,0
3639,Atkins,139558.6,1
3640,Colombo,95007.8,0
3641,Tilley,101663.47,0
3642,Sopuluchi,106197.44,0
3643,Udinesi,48466.89,0
3644,Onyekachi,151978.36,0
3645,McCartney,13288.46,1
3646,Thompson,22666.77,1
3647,Onyeoruru,102391.06,0
3648,Shih,67830.2,1
3649,Golibe,92090.36,0
3650,Lucchesi,141023.01,0
3651,Townsend,104222.8,0
3652,Chao,196395.05,0
3653,Shen,6866.31,0
3654,Booth,77737.86,0
3655,Chan,106116.84,0
3656,Yeh,117948.0,1
3657,Badgery,184581.68,0
3658,Hsia,199378.58,1
3659,Zarate,12483.39,1
3660,Congreve,22404.64,0
3661,Hayslett,92887.06,0
3662,Robinson,145157.97,0
3663,Wong,134889.95,1
3664,Nevzorova,109309.29,0
3665,Page,169964.12,0
3666,Quinn,26327.42,0
3667,O'Donnell,55072.93,0
3668,Pisano,68574.88,1
3669,Sinclair,41671.81,0
3670,Loving,12409.01,0
3671,Artemova,68367.18,0
3672,Robertson,74564.41,0
3673,Genovese,26843.76,0
3674,Ugonnatubelum,156774.75,0
3675,Corbett,46019.43,0
3676,Reilly,145411.39,0
3677,Wright,158268.84,0
3678,Vincent,74637.57,0
3679,Carr,28391.52,0
3680,Eiland,144385.54,0
3681,Omeokachie,95181.06,1
3682,Mackenzie,15627.51,0
3683,Pinto,148477.57,1
3684,Gardener,79957.95,0
3685,Fang,102763.69,0
3686,Cattaneo,129654.22,0
3687,Labrador,40652.33,0
3688,Dettmann,178291.09,0
3689,Gibson,131906.44,0
3690,Hope,118607.4,0
3691,Ives,13848.58,0
3692,Greece,170903.4,0
3693,Omeokachie,13161.66,1
3694,Mao,79304.38,1
3695,Savage,121402.53,0
3696,Brierly,23305.01,0
3697,Docherty,74510.65,0
3698,McDonald,55601.44,0
3699,Rapuokwu,134526.87,0
3700,Bergamaschi,195424.01,0
3701,Manfrin,59563.49,0
3702,Bergamaschi,34595.58,0
3703,MacDonald,60036.99,1
3704,Lees,193021.49,0
3705,Senior,48108.72,0
3706,Nwokezuike,79082.76,0
3707,Ekwueme,37914.12,0
3708,Garmon,74593.84,0
3709,Enyinnaya,82967.97,1
3710,Chizuoke,193441.23,0
3711,Hyde,191790.29,1
3712,Cameron,92455.96,0
3713,Lord,155231.55,0
3714,Biryukova,9217.92,0
3715,Carpenter,87941.85,1
3716,Lorenzo,187508.06,0
3717,Madukwe,171519.06,0
3718,Hutcheon,27012.0,0
3719,Sleeman,70916.0,1
3720,Milne,73073.68,0
3721,Williamson,88783.59,0
3722,Bruno,145524.36,0
3723,Palerma,21333.22,0
3724,Wang,46675.51,1
3725,Onyemere,4802.25,0
3726,Dawson,102975.72,1
3727,Nebechukwu,175071.29,1
3728,Bateman,131970.86,0
3729,Lord,14174.09,0
3730,Loggia,15378.75,0
3731,Graham,179797.79,1
3732,Dean,93917.68,1
3733,Jarvis,99490.01,0
3734,Haugh,46415.09,0
3735,Micklem,151815.76,0
3736,Bennett,14865.05,0
3737,Roberts,188007.99,0
3738,Onyekaozulu,98175.74,0
3739,Kegley,106851.7,0
3740,Manna,75204.21,0
3741,Thompson,141872.05,1
3742,Romano,7103.71,0
3743,Brown,9241.83,1
3744,Su,149517.71,1
3745,Mackay,196079.32,0
3746,Watt,166165.93,1
3747,Milani,55724.24,0
3748,Hsu,131768.98,0
3749,Valenzuela,13858.95,0
3750,Sung,82774.07,0
3751,Lo,55389.59,0
3752,Giordano,82336.73,0
3753,Connolly,163225.48,0
3754,Bellucci,135536.72,0
3755,Jamieson,82422.97,0
3756,Fomina,194660.78,0
3757,Aksenov,55347.28,0
3758,Turnbull,16717.11,1
3759,Dixon,160277.65,0
3760,White,175905.97,0
3761,Long,66040.83,0
3762,Han,92198.05,0
3763,Belov,134625.09,1
3764,MacDonald,50974.57,0
3765,Parsons,171922.72,0
3766,Cross,83058.14,0
3767,Milanesi,188382.77,0
3768,Lombardo,198030.24,0
3769,Collins,1055.66,0
3770,Alexeieva,133173.19,0
3771,Cullen,189875.83,0
3772,Johnson,31802.92,0
3773,Rudd,132649.85,0
3774,Findlay,53067.83,1
3775,Mai,961.57,0
3776,Morrison,71333.44,0
3777,Monaldo,16658.76,0
3778,Gidney,74878.22,0
3779,Sagese,112104.55,0
3780,Wall,48421.4,1
3781,Dalton,170320.58,0
3782,Hsing,37688.31,1
3783,Warner,136592.24,1
3784,Williams,48640.77,0
3785,Dunn,89773.45,0
3786,Kerr,42131.26,1
3787,Marchesi,186523.72,1
3788,Endrizzi,41758.9,0
3789,King,199256.98,0
3790,Griffiths,153482.91,1
3791,Hartzler,21177.1,0
3792,Chukwudi,138743.86,0
3793,Denisov,25881.0,1
3794,Endrizzi,66469.2,0
3795,Baresi,142670.61,0
3796,Nnachetam,103563.23,0
3797,Lambert,69101.23,1
3798,Game,59475.35,0
3799,Chinagorom,135287.74,0
3800,Noble,38773.74,0
3801,Haynes,138396.32,0
3802,Cattaneo,110718.02,0
3803,Yobanna,118545.49,1
3804,Fraser,123207.17,0
3805,Rhodes,99984.86,0
3806,Jimenez,58332.91,0
3807,Pharr,50906.65,0
3808,Jerger,127623.36,0
3809,McIntyre,169665.79,0
3810,Onio,194144.45,0
3811,Tomlinson,35673.42,0
3812,Onuoha,177397.49,0
3813,Panicucci,159677.46,0
3814,Piccio,153566.97,0
3815,Ramsden,52411.99,0
3816,Vorobyova,79222.02,0
3817,Todd,32589.89,1
3818,Cremonesi,93777.61,0
3819,Bradley,112549.99,1
3820,Stanley,191063.36,0
3821,Jowett,153810.41,0
3822,Yefremova,105886.77,0
3823,Wilson,96131.47,0
3824,Abramovich,15120.86,0
3825,Venables,16989.77,0
3826,Monnier,143133.18,0
3827,Hsieh,93336.93,1
3828,Gadsden,9972.64,0
3829,Ni,30579.82,0
3830,Chibueze,199775.67,0
3831,Chinwemma,179908.71,0
3832,Kang,101667.0,0
3833,Kuo,171430.16,0
3834,Ositadimma,112973.34,0
3835,Smith,190746.38,0
3836,Okwudilichukwu,187689.91,1
3837,Porter,153229.19,0
3838,Kung,14217.77,1
3839,Trevisano,64849.74,1
3840,Naylor,160122.66,1
3841,Ponomarev,138160.11,1
3842,Udinese,64286.39,0
3843,Aliyeva,80178.54,1
3844,Bailey,101319.76,0
3845,Jackson,92794.61,0
3846,Yin,63708.07,0
3847,Akobundu,110782.88,0
3848,Byrne,10779.69,0
3849,Robinson,183289.22,0
3850,Stephenson,66526.01,0
3851,Chiemenam,123697.95,0
3852,Forbes,155700.15,0
3853,Douglas,82081.35,0
3854,Okechukwu,121747.96,0
3855,Russell,172810.51,0
3856,Ermakova,159584.81,0
3857,Oster,108402.54,0
3858,Chizoba,77330.35,0
3859,Bianchi,21007.96,0
3860,Peyser,9398.45,0
3861,Cocci,182156.81,1
3862,Seleznev,110525.6,0
3863,Huang,51536.99,0
3864,Alleyne,49722.34,0
3865,McKenzie,66119.07,0
3866,Zikoranachukwudimma,37160.28,0
3867,King,197923.05,0
3868,Nkemdilim,65166.6,0
3869,Anderson,49326.07,0
3870,Ejikemeifeuwa,42495.81,0
3871,Adams,148087.62,0
3872,Christie,9641.4,0
3873,Yeh,164844.37,0
3874,McGregor,132959.33,0
3875,Pisano,135088.58,0
3876,Ginikanwa,4441.54,0
3877,Hawkins,174916.85,1
3878,Otutodilichukwu,1795.93,0
3879,Rickard,180249.94,1
3880,Andreev,153604.44,0
3881,Steele,189703.65,0
3882,Black,66393.89,0
3883,Shand,30709.03,0
3884,Chiagoziem,71009.84,0
3885,Fedorov,143049.72,1
3886,Tien,1561.58,0
3887,Stehle,49707.85,0
3888,Sung,29837.65,0
3889,Alexander,9041.71,0
3890,McIntosh,198017.05,0
3891,Sung,143481.85,0
3892,Yao,146372.51,0
3893,Chinweuba,101905.34,0
3894,Chinweuba,134767.13,0
3895,T'ao,103573.96,0
3896,Ch'ien,139259.54,0
3897,Su,187776.49,0
3898,Yu,8059.44,1
3899,Loyau,124354.92,0
3900,Conti,109135.11,0
3901,Alexeeva,82222.86,0
3902,Power,136767.16,1
3903,Hill,155516.35,0
3904,Freeman,144584.29,0
3905,Hsing,164806.89,0
3906,Esposito,109153.04,0
3907,Belonwu,86190.34,0
3908,Tsao,106040.97,0
3909,P'eng,168008.17,0
3910,Baker,33350.26,1
3911,Matthews,119565.34,0
3912,Garcia,188492.82,0
3913,Field,165378.66,1
3914,Gordon,14178.73,0
3915,Jefferies,97847.05,0
3916,Palermo,118959.64,0
3917,Chou,50664.07,1
3918,Ewing,152996.89,0
3919,Mazzi,19458.75,0
3920,Thomson,115268.86,0
3921,Nkemdirim,25843.7,1
3922,Lockyer,147662.33,0
3923,Murray,134878.34,0
3924,Black,35795.85,0
3925,Torreggiani,66462.79,0
3926,Atkinson,69578.49,0
3927,Richards,103182.46,0
3928,Azubuike,177017.39,0
3929,Ignatiev,53217.3,0
3930,Miller,162756.29,1
3931,Cox,42181.68,0
3932,McMillan,31714.08,0
3933,Napolitano,25017.28,0
3934,Lane,104272.04,0
3935,Kennedy,84300.4,1
3936,T'ao,136877.24,0
3937,Hsiung,199409.19,0
3938,Heath,163147.99,1
3939,Parry,136497.28,0
3940,Herbert,10070.4,1
3941,Kang,190068.53,1
3942,Andreyeva,58309.54,0
3943,Bowen,76946.6,0
3944,Golubev,54129.86,0
3945,Hancock,52990.7,0
3946,Fowler,161854.98,0
3947,Sutherland,172141.33,0
3948,Rowley,124429.19,0
3949,Gibbons,24983.39,0
3950,Lockett,86699.98,0
3951,Akabueze,125440.11,1
3952,Phelps,9443.15,0
3953,Frederick,195877.06,0
3954,Beneventi,105409.31,0
3955,Bruce,100403.05,0
3956,Green,48502.88,0
3957,Carlson,47019.66,1
3958,Tang,48249.88,0
3959,Yudin,84358.71,1
3960,MacDonald,145986.35,0
3961,Watt,88550.28,0
3962,Mbadiwe,3061.0,0
3963,Chuang,43196.5,0
3964,Sabbatini,55775.84,1
3965,Caldwell,134077.71,0
3966,Ewers,198490.33,0
3967,Tsao,116052.92,0
3968,Hannam,123202.99,0
3969,Wood,85129.77,1
3970,Ko,180598.86,0
3971,Lo Duca,198694.2,0
3972,Endrizzi,42934.43,0
3973,Ch'iu,114793.45,0
3974,Mofflin,63297.7,0
3975,Fiorentini,61820.41,1
3976,Chiekwugo,102246.0,0
3977,Bogle,154882.79,0
3978,Ifeanacho,140723.05,0
3979,Owens,72852.74,1
3980,Ch'ien,85733.33,0
3981,Chung,162597.15,0
3982,Sung,74379.57,1
3983,Wang,173117.22,1
3984,Sun,66485.26,0
3985,Maitland,92811.2,0
3986,Ma,46635.11,0
3987,Pollard,124830.11,0
3988,Hsieh,167087.34,1
3989,Gerasimov,163625.56,0
3990,Johnson,172129.26,0
3991,Fiorentino,163141.18,1
3992,Chioke,94003.11,0
3993,Rossi,138351.68,0
3994,Siciliano,34164.05,0
3995,Efremov,97794.71,0
3996,Brigstocke,75786.55,0
3997,Olisaemeka,136812.02,0
3998,Tang,84361.72,1
3999,Lucchese,2766.63,0
4000,West,163185.76,0
4001,Pai,180598.28,1
4002,Tang,69849.55,0
4003,Fedorov,19921.72,0
4004,Gboliwe,147606.71,0
4005,Ko,126160.24,1
4006,Le Gallienne,47046.72,0
4007,Seleznyova,143668.58,0
4008,Joseph,152577.62,0
4009,Bevan,191350.48,0
4010,Allan,14234.31,0
4011,Lavrentiev,77906.87,0
4012,Walton,57320.92,0
4013,Salier,27145.73,1
4014,Evdokimov,26912.72,1
4015,Ponomaryova,26476.18,0
4016,Millar,79329.7,0
4017,Grosse,13464.64,1
4018,Hsiao,114149.8,0
4019,Belbin,135171.6,0
4020,Ifeajuna,1187.88,0
4021,Wright,184564.67,1
4022,Komarova,33391.38,0
4023,Titheradge,9238.35,0
4024,Dellucci,28029.54,0
4025,Hobbs,42790.29,0
4026,Beggs,77142.42,1
4027,Luffman,146219.9,0
4028,Caldwell,70127.93,0
4029,Mancini,132104.76,0
4030,Evseev,90437.87,0
4031,Hs?eh,113926.31,0
4032,Chinedum,12050.77,0
4033,Hagins,64345.61,1
4034,Kirwan,199242.65,0
4035,Little,75578.67,0
4036,Milligan,43435.43,1
4037,Ch'iu,183239.71,1
4038,McKay,146213.75,1
4039,Crawford,40315.27,0
4040,Onyemere,16966.73,0
4041,Azuka,80608.12,0
4042,Ch'en,19233.41,0
4043,Royster,135382.23,0
4044,Parkin,80410.68,0
4045,Kozlova,17696.22,0
4046,Hu,17974.08,0
4047,Ma,180712.28,0
4048,Coates,56323.21,0
4049,Burns,77550.18,0
4050,Gouger,166957.82,0
4051,Ignatyev,184243.25,0
4052,Douglas,114072.91,0
4053,Fiorentino,153917.41,0
4054,Ignatiev,4176.17,1
4055,Munz,142963.29,0
4056,Paling,76844.23,0
4057,Clark,159742.33,0
4058,Akobundu,177944.64,0
4059,Fanucci,166678.28,0
4060,Hsiao,44904.26,0
4061,Clancy,10625.91,0
4062,Macdonald,169781.45,1
4063,Palerma,49848.86,0
4064,Holden,51467.92,1
4065,Moore,735.79,0
4066,Gallo,182495.7,0
4067,Otutodilinna,118740.37,0
4068,Rios,13813.24,0
4069,McGregor,130500.65,0
4070,Hill,14152.15,0
4071,H?,66963.15,0
4072,Ferrari,93261.69,0
4073,Onyemauchechi,196582.28,0
4074,Nkemakonam,43024.64,0
4075,White,130001.13,0
4076,Kirillov,12106.82,1
4077,Iadanza,42556.33,0
4078,Stiles,197961.93,0
4079,Ankudinov,12538.92,0
4080,Gaffney,35140.49,1
4081,Udinese,117626.9,0
4082,Romani,62454.01,1
4083,Kambinachi,109089.04,0
4084,Hawkins,142331.39,0
4085,Tsui,193209.11,0
4086,Ifeatu,47832.82,0
4087,McIntosh,70174.03,0
4088,Armit,176768.59,0
4089,Fang,129392.75,0
4090,Chou,97893.32,0
4091,Okeke,176142.09,0
4092,Ramsbotham,114093.73,0
4093,Scannell,158323.81,1
4094,Edman,25514.77,0
4095,De Luca,61513.87,0
4096,Vasilyeva,59553.34,0
4097,Tuan,110253.2,0
4098,Ejimofor,148769.08,0
4099,Hs?,8236.78,0
4100,Shaver,11407.58,0
4101,Wallis,49684.09,0
4102,Coupp,68064.83,0
4103,Perry,163911.32,0
4104,Bezrukova,944.41,1
4105,Lucciano,185547.71,0
4106,Ingram,140509.86,0
4107,Lo Duca,164652.02,1
4108,Wan,73641.86,0
4109,Cohn,40321.87,0
4110,Yen,173844.89,0
4111,Peng,145613.17,0
4112,Little,174971.64,0
4113,Meng,131834.75,0
4114,Adams,110498.1,1
4115,Hill,196241.43,0
4116,Boyle,194667.92,0
4117,Pagnotto,83093.25,0
4118,Feng,52545.24,0
4119,Endrizzi,59571.5,0
4120,Shen,99818.31,0
4121,Lay,172967.87,0
4122,Wu,178616.73,0
4123,Shephard,159649.44,0
4124,Schmidt,60941.27,1
4125,Davidson,178342.63,0
4126,Lamb,191545.65,0
4127,Hussey,117977.45,1
4128,Ferrari,49637.65,0
4129,Macfarlan,13921.82,1
4130,Szabados,173197.12,0
4131,Yuan,137696.25,0
4132,Matveyev,80698.54,0
4133,Cheng,73018.74,0
4134,Palerma,79649.62,0
4135,Wang,166194.53,0
4136,Teng,102530.35,1
4137,K'ung,74265.38,0
4138,Sinclair,125898.39,0
4139,McKelvey,83681.2,0
4140,Yuan,99505.75,0
4141,Moran,92748.16,0
4142,McConnell,28092.77,1
4143,Iheatu,126145.08,0
4144,Giordano,188593.98,0
4145,Alexander,56410.17,0
4146,Gordon,84694.49,0
4147,Tang,195429.92,0
4148,T'an,137898.57,0
4149,Davies,78774.36,0
4150,Sanders,148779.41,0
4151,Winifred,35300.08,1
4152,Holmes,197077.36,0
4153,Riddle,70140.8,1
4154,Chinedum,196288.46,0
4155,Aleksandrova,1557.82,0
4156,Conti,23970.13,0
4157,Watson,180243.56,0
4158,Davison,148977.72,0
4159,Cook,39934.41,0
4160,Udinesi,133031.96,0
4161,Siciliani,52856.88,0
4162,Bell,937.15,0
4163,Jackson,193022.44,0
4164,Onyemere,37490.84,0
4165,McClemans,111558.7,0
4166,Ma,5669.31,1
4167,Morrison,68106.29,0
4168,Chambers,101834.58,0
4169,Basedow,73151.25,0
4170,Nwora,37196.15,0
4171,Howey,7819.76,0
4172,Pai,23129.46,0
4173,Ni,189680.79,0
4174,Forbes,66586.56,0
4175,Baryshnikov,2920.63,1
4176,Kramer,87684.93,0
4177,Sochima,199418.02,0
4178,Marchesi,28515.17,0
4179,Todd,92916.53,0
4180,Mai,198313.69,0
4181,Pinto,36308.93,0
4182,Reynolds,41730.37,1
4183,Sal,31399.4,0
4184,Miller,60192.14,1
4185,Scott,29062.25,0
4186,Herrin,28805.09,0
4187,Stevenson,133814.28,0
4188,McKenzie,151902.78,0
4189,Gardiner,167376.26,0
4190,Atkinson,31022.56,0
4191,Onyemauchechi,188997.08,0
4192,Ross,2085.32,0
4193,Newland,70399.71,0
4194,Hu,195771.95,0
4195,Sanders,166475.44,1
4196,Tsui,84106.17,1
4197,Marino,81436.68,1
4198,Akobundu,83256.26,1
4199,Morrison,117523.41,0
4200,Mai,79476.63,0
4201,Hs?eh,173052.19,0
4202,Wright,100995.68,0
4203,Demaine,122782.5,0
4204,Chien,11631.34,0
4205,Dickinson,168303.55,0
4206,Kazantseva,9308.1,1
4207,Marchesi,153157.97,0
4208,Pan,75408.24,0
4209,Harewood,153356.8,1
4210,Kao,152987.42,0
4211,Yeh,5557.88,1
4212,Bischof,194313.93,0
4213,Ashton,94767.77,0
4214,Napolitani,1540.89,0
4215,Wilson,5036.39,1
4216,Uren,71776.76,0
4217,Okechukwu,23481.69,1
4218,Ku,143022.31,1
4219,Onyemachukwu,161407.48,0
4220,Kao,125939.22,1
4221,Russell,76611.33,0
4222,Woronoff,136985.08,1
4223,Ferri,140937.91,1
4224,Ruggiero,48161.18,1
4225,Wilding,130041.45,0
4226,Yashina,91652.43,0
4227,Yevseyev,125961.48,0
4228,Rapuokwu,73225.31,0
4229,Maslov,20460.2,0
4230,Cole,81602.02,0
4231,Sullivan,8742.91,0
4232,Hsiao,145789.71,0
4233,Rossi,129576.99,0
4234,Allsop,190040.29,0
4235,Chamberlain,87771.06,0
4236,Jackson,39519.53,0
4237,Dumetochukwu,190035.83,0
4238,Uspensky,148948.52,0
4239,Garcia,184691.77,0
4240,Soto,143458.31,0
4241,McDonald,27166.75,0
4242,Castles,159456.87,1
4243,Stephenson,70454.79,1
4244,Davidson,95421.0,0
4245,Tu,187985.85,0
4246,Colbert,92621.9,0
4247,Owens,150836.98,0
4248,Chimezie,90177.3,0
4249,Genovese,34416.79,0
4250,Daluchi,85231.88,0
4251,Sheffield,118983.18,0
4252,Bailey,111868.23,0
4253,Dyson,83056.22,0
4254,Davide,1676.92,0
4255,Uwaezuoke,32089.57,0
4256,Hs?,13455.43,0
4257,Onwuka,24865.54,0
4258,Flores,117644.36,0
4259,Nicoll,98897.32,0
4260,Hughes,106174.7,1
4261,Romano,46386.37,0
4262,Norman,185054.14,0
4263,Davison,47997.39,0
4264,Manna,130846.79,1
4265,Reed,40861.55,0
4266,Daniels,171840.24,1
4267,Hunt,101455.07,0
4268,Feng,90747.94,1
4269,Waters,2048.55,0
4270,Yuan,84421.34,0
4271,Yudin,78698.09,0
4272,Calabresi,168544.85,0
4273,Onyemauchechukwu,39351.64,0
4274,Martin,28204.98,1
4275,Hung,22375.14,0
4276,Maslova,134942.45,0
4277,Zetticci,134901.57,0
4278,Pisano,8693.8,0
4279,Sutherland,42437.75,0
4280,Lai,5893.23,1
4281,Watson,36242.19,0
4282,Gorbunov,90076.85,0
4283,Padovano,150507.43,0
4284,Raynor,87422.15,0
4285,Ting,192867.4,0
4286,Eberegbulam,175674.01,0
4287,Chin,72496.05,1
4288,Manna,145250.43,0
4289,Chang,180712.52,0
4290,Kent,180622.43,0
4291,Buckley,86306.75,0
4292,Micco,150156.82,1
4293,Avdeev,101617.43,0
4294,Bremer,85424.34,0
4295,Davidson,197221.81,1
4296,Gadsdon,70196.57,0
4297,Connolly,110440.5,1
4298,McDonald,124389.61,0
4299,Chiawuotu,3183.15,0
4300,Milne,146723.72,0
4301,Fleming,2139.25,0
4302,Hicks,69228.2,1
4303,Logan,115462.27,1
4304,Hammond,62375.1,0
4305,Weber,91829.17,1
4306,Lettiere,182547.04,0
4307,Schnaars,14725.36,0
4308,Tao,126996.67,0
4309,Algarin,133991.11,1
4310,Onyemere,169920.92,0
4311,Korovina,80259.67,1
4312,Chidubem,191035.18,1
4313,King,40421.87,0
4314,Greco,155643.04,0
4315,Beneventi,78670.52,0
4316,P'eng,104240.77,1
4317,Metcalf,95957.09,0
4318,Greco,59595.66,0
4319,Lupton,46266.63,0
4320,Ibeamaka,189085.07,0
4321,Hsiung,123954.15,0
4322,Rueda,129803.08,0
4323,Li Fonti,18761.92,1
4324,Alexeeva,43540.59,0
4325,Madueke,62193.92,0
4326,Torres,129130.09,0
4327,Chukwubuikem,16146.0,0
4328,Holloway,22442.13,0
4329,Evdokimov,78194.37,0
4330,Anayolisa,124297.32,0
4331,Semmens,104648.58,0
4332,Tu,166423.66,1
4333,Anderson,157137.23,0
4334,Fang,34134.14,0
4335,Fanucci,112520.07,1
4336,Boyle,128481.5,1
4337,Milanesi,16491.64,0
4338,Davidson,132979.43,0
4339,McKay,196645.87,0
4340,Bogdanova,127506.76,0
4341,Lavrentiev,147930.46,0
4342,Corser,179689.05,1
4343,Alexeeva,2619.64,1
4344,Madueke,166799.93,0
4345,Barber,133516.51,1
4346,McCardle,163736.09,1
4347,Radcliffe-Brown,179488.41,1
4348,Ni,113291.75,0
4349,Chukwumaobim,64907.48,1
4350,Dennis,141364.27,0
4351,Hayward,101141.28,0
4352,Jones,183490.99,0
4353,L?,4798.12,0
4354,Nelson,131807.14,0
4355,Cardus,97192.76,0
4356,Whitehouse,164128.58,0
4357,Johnstone,176809.87,0
4358,Tsui,110059.38,0
4359,Chia,108398.63,0
4360,Su,47117.03,0
4361,Calabresi,124720.68,1
4362,Ts'ui,53328.7,0
4363,McCulloch,82634.41,0
4364,Koo,147059.16,0
4365,Miller,141946.92,0
4366,Woolnough,123583.85,0
4367,Douglas,155915.24,1
4368,Fang,29076.27,0
4369,Munro,97382.8,0
4370,Vinogradov,57643.55,0
4371,Lai,66006.75,1
4372,Udegbulam,72350.47,0
4373,Mao,197789.83,1
4374,Onyekaozulu,65520.74,0
4375,Fu,31825.84,0
4376,Cross,185561.89,0
4377,Snider,25803.59,1
4378,Harrison,154337.47,0
4379,Dale,138145.62,0
4380,Udinese,51565.98,1
4381,DeRose,71323.23,0
4382,Hay,38882.34,0
4383,Bruce,676.06,0
4384,Romani,72203.8,0
4385,Tseng,174094.24,0
4386,Tang,2150.22,0
4387,Isayeva,177783.04,0
4388,Hill,44363.42,0
4389,Barnes,96847.91,0
4390,Moreno,148579.43,1
4391,McGregor,38308.34,0
4392,Genovese,142538.31,0
4393,Gill,153122.58,0
4394,Ts'ai,169505.83,0
4395,Green,57929.9,0
4396,Martin,175399.14,0
4397,Johnson,107964.36,0
4398,Onio,94263.44,0
4399,Vaguine,155921.81,1
4400,Manna,137995.66,1
4401,Toomey,179631.85,0
4402,Bell,166586.99,1
4403,Bonwick,115116.35,1
4404,Folliero,23881.62,0
4405,Holt,105837.38,0
4406,Brown,101418.05,0
4407,Ch'ang,182266.01,0
4408,Fiorentini,28698.17,0
4409,Middleton,50422.36,1
4410,Millar,151336.96,0
4411,Osborne,112979.6,1
4412,Feng,36371.27,0
4413,Vale,52166.25,0
4414,Arkwookerum,147261.58,0
4415,Lujan,88724.49,0
4416,Alexeyeva,190531.77,0
4417,Gannon,199953.33,0
4418,Prokhorova,144290.97,0
4419,Romero,130514.78,0
4420,Toscani,53954.24,0
4421,Onwuamaegbu,169802.73,0
4422,King,146851.73,0
4423,Trentino,96832.82,0
4424,Peacock,57553.02,0
4425,Nnaife,74800.99,0
4426,Chao,192542.17,0
4427,Barese,72990.62,0
4428,Udegbulam,31050.02,0
4429,Fu,52795.56,1
4430,Onwuatuegwu,27435.41,0
4431,Degtyaryov,150266.81,0
4432,Nnaemeka,40299.23,0
4433,Udinese,149369.41,0
4434,Mitchell,120250.58,0
4435,Ch'en,84760.32,1
4436,Golovanov,156424.4,0
4437,Efimov,109355.73,1
4438,Davidson,184936.77,0
4439,Wade,36560.51,0
4440,Maynard,165693.06,0
4441,Murphy,163666.85,0
4442,Zotova,35644.79,0
4443,Hannah,188203.58,0
4444,Cartagena,6120.84,0
4445,Hall,164484.78,0
4446,Hunt,164268.28,0
4447,Greece,140136.1,1
4448,Thomson,121084.27,0
4449,Victor,35156.54,0
4450,Mitchell,103159.11,0
4451,Olisaemeka,74858.3,0
4452,Krawczyk,91556.57,1
4453,Alexandrova,199203.21,0
4454,Paterson,27011.8,1
4455,Chou,188637.05,0
4456,Abel,61581.2,0
4457,Chesnokova,197529.23,0
4458,Niu,182258.17,0
4459,Sullivan,80778.5,0
4460,Ma,155394.52,0
4461,Cavill,3408.7,0
4462,Nicholls,19367.98,1
4463,Nnonso,62282.99,1
4464,Gibson,65396.79,0
4465,Garcia,139712.81,0
4466,Renwick,60972.84,0
4467,Norris,1375.46,0
4468,Nkemakonam,22191.82,0
4469,Piccio,8973.67,1
4470,Linton,118502.34,1
4471,Onyekaozulu,161802.82,1
4472,Tobenna,90494.72,0
4473,Wang,15470.91,0
4474,O'Donnell,65147.27,0
4475,Langlands,157886.6,0
4476,Smith,85439.73,0
4477,Sykes,54038.62,0
4478,Marshall,25684.85,0
4479,Gibson,186116.54,0
4480,Stephenson,166830.71,0
4481,Y?,27886.06,0
4482,Kang,5768.32,0
4483,Miller,80575.44,1
4484,Kryukov,68987.55,0
4485,Y?,27097.82,0
4486,Fanucci,199320.77,0
4487,Lombardi,5566.6,0
4488,Hs?,133871.83,0
4489,Anderson,152843.53,0
4490,Trentino,41800.18,0
4491,Donnelly,92053.75,0
4492,Tsou,100717.54,0
4493,Johnson,42935.15,0
4494,Watson,149170.92,0
4495,Allan,107499.39,0
4496,Butcher,153342.38,0
4497,Henderson,107825.08,1
4498,Boucaut,47952.45,0
4499,Obiajulu,131007.18,0
4500,Ifeatu,33143.04,0
4501,Kelly,123304.62,0
4502,Pirozzi,141970.02,1
4503,Siciliano,37136.15,0
4504,Silva,199293.01,0
4505,Iweobiegbunam,161388.22,0
4506,Williamson,70532.53,0
4507,Madueke,144290.25,0
4508,Chiagoziem,96069.82,0
4509,Kwemto,185662.84,0
4510,Zito,17913.25,0
4511,Ukaegbunam,101039.53,1
4512,Trevisani,156953.54,1
4513,Edmondstone,28276.83,0
4514,Chien,84049.16,0
4515,Boni,147822.44,0
4516,Yashina,9497.99,1
4517,Georg,87067.73,0
4518,Tung,23237.25,0
4519,Michelides,27239.28,0
4520,Korovina,151481.86,1
4521,Chuang,114669.79,0
4522,Yuriev,116748.14,0
4523,Chidimma,90877.76,0
4524,Stevens,133692.88,0
4525,Kao,30662.91,0
4526,Edmund la Touche,191395.88,0
4527,Belousov,106648.58,0
4528,McCane,50899.91,0
4529,Parry-Okeden,115452.51,1
4530,Hudson,64139.1,0
4531,Marsden,22030.72,0
4532,Manfrin,38434.73,0
4533,Ch'ang,42774.84,1
4534,Clark,158973.77,0
4535,Aldrich,34551.35,1
4536,Khan,101515.76,0
4537,Murray,9561.73,0
4538,Anayolisa,168313.17,0
4539,Shillito,55100.09,0
4540,McMillan,31830.06,0
4541,Howells,71519.4,0
4542,Stewart,32599.35,0
4543,Ikechukwu,139946.68,1
4544,Repina,110468.51,0
4545,Cox,74042.0,0
4546,Lo,151871.84,0
4547,Grant,199693.84,1
4548,Stevenson,58907.08,1
4549,Kauffmann,103799.77,1
4550,Samsonova,93835.64,0
4551,Niu,156425.57,1
4552,Bock,123723.83,0
4553,Barlow,199464.08,0
4554,Stevenson,83084.33,0
4555,Kung,25488.43,1
4556,Nwankwo,9596.4,0
4557,Brewer,70370.24,0
4558,Ch'iu,86330.32,0
4559,Quinn,168507.68,1
4560,Kodilinyechukwu,111605.9,0
4561,Ifeanyichukwu,143317.42,0
4562,Yermakova,27619.06,0
4563,Sullivan,146573.66,1
4564,Grant,69055.45,0
4565,Jacka,54453.72,0
4566,Tsai,33524.6,0
4567,Emery,135083.73,0
4568,Piccio,137439.34,0
4569,Sanders,11205.5,0
4570,Sharp,60176.1,0
4571,Myers,29552.7,0
4572,Campbell,188795.85,0
4573,Abbott,11638.17,0
4574,Preston,93155.75,0
4575,Atherton,48986.18,0
4576,Fanucci,116951.1,0
4577,Evans,137041.26,0
4578,Cookson,44653.5,0
4579,Nnachetam,104035.41,1
4580,Johnstone,110593.62,0
4581,Hort,36099.7,0
4582,Johnson,12470.3,0
4583,Zaytseva,95403.41,0
4584,Sorokina,151757.81,0
4585,Diehl,47536.46,0
4586,Onuchukwu,101274.17,0
4587,Osonduagwuike,140268.45,0
4588,Mead,11663.09,0
4589,Stewart,150784.29,0
4590,Thomson,119400.08,0
4591,Goliwe,126188.42,0
4592,Lori,89983.02,1
4593,Onwuamaeze,29761.29,0
4594,Butusov,27073.81,0
4595,Rogers,96399.67,1
4596,Nicholson,45422.89,0
4597,Rossi,108699.59,1
4598,Hall,38967.29,0
4599,Huddart,116466.19,0
4600,Chinomso,17993.43,0
4601,Shaw,43250.54,0
4602,Hargreaves,125240.8,0
4603,Swain,191415.94,0
4604,Butcher,90860.97,0
4605,Stone,141872.52,0
4606,Allan,49418.87,1
4607,Wang,170426.65,1
4608,Colombo,51016.02,1
4609,McKay,81175.25,0
4610,Brient,99106.97,0
4611,Yin,79134.78,0
4612,Bellucci,163550.58,1
4613,Duncan,67769.94,0
4614,Pirozzi,126592.01,0
4615,Findlay,89602.81,0
4616,King,179421.84,0
4617,Iweobiegbunam,156906.15,0
4618,Tucker,168486.02,0
4619,Izmailova,132730.07,1
4620,Meng,39057.67,0
4621,Liang,174606.35,0
4622,Hutchinson,79259.77,0
4623,Shen,168515.61,0
4624,Okwuoma,161125.67,1
4625,Chinwemma,77878.62,0
4626,Golubova,80823.02,0
4627,Schiavone,119348.28,0
4628,Moore,178331.36,0
4629,Graham,119174.88,1
4630,Amadi,82662.73,0
4631,McKay,40441.1,0
4632,Fedorova,109881.71,0
4633,Percy,157937.35,0
4634,Floyd,38276.84,1
4635,Long,65222.48,0
4636,Castiglione,2181.94,0
4637,Melendez,156249.06,0
4638,Mazzi,45591.23,0
4639,Kovaleva,79458.12,0
4640,Gill,103042.2,1
4641,Arcuri,70209.83,0
4642,Chukwuma,176743.51,0
4643,Stevenson,10703.53,1
4644,Ponomarev,151425.82,0
4645,Gilroy,3894.34,0
4646,Sidorov,28861.69,0
4647,Bates,177703.15,0
4648,Fanucci,136649.8,1
4649,Toscano,175894.24,0
4650,Hearn,76257.46,0
4651,Iroawuchi,193668.49,0
4652,Martin,125671.29,0
4653,Sinclair,174098.28,1
4654,Swanson,187866.21,1
4655,Chinomso,100862.36,0
4656,Fomin,10804.04,0
4657,McKay,170893.85,0
4658,Bergamaschi,22698.56,0
4659,Matveyeva,89822.48,0
4660,Madukaego,175262.49,0
4661,Ferri,15705.27,0
4662,Achebe,170025.43,0
4663,Mai,17242.79,0
4664,Davis,79734.23,0
4665,Davey,92712.97,0
4666,Tsou,99689.48,0
4667,Marino,93336.3,1
4668,Kerr,175893.53,0
4669,Hsiao,42840.18,1
4670,Graham,140298.24,0
4671,Ejikemeifeuwa,144000.59,1
4672,Volkova,113408.11,0
4673,Wang,96420.58,0
4674,Benjamin,125806.3,0
4675,Ryrie,65720.92,0
4676,Andreev,31002.03,0
4677,Ts'ao,158248.71,1
4678,Frolov,94677.83,0
4679,Montemayor,17257.72,0
4680,Fu,101397.86,0
4681,Whitehead,84870.23,0
4682,Izuchukwu,183515.13,0
4683,Lai,75969.19,0
4684,Herring,146379.3,0
4685,Duffy,127154.8,0
4686,Chiefo,2019.78,1
4687,Fyodorov,197885.72,0
4688,Chu,138017.68,0
4689,Robertson,170984.97,1
4690,Palmerston,55859.27,0
4691,Madukwe,4459.5,0
4692,Chinedum,102135.92,0
4693,French,112771.95,0
4694,Polyakov,32903.93,0
4695,Clements,162260.93,0
4696,Connor,87959.83,0
4697,Balashov,166476.95,1
4698,Avdeeva,25438.87,0
4699,Chester,157230.06,1
4700,Hung,197305.91,0
4701,Tu,44435.76,0
4702,Thompson,181051.99,0
4703,Jones,159069.37,0
4704,Li,155485.24,0
4705,Denisova,43852.05,0
4706,Clogstoun,140071.57,0
4707,Tan,49089.36,0
4708,Power,55893.37,0
4709,Harriman,192660.55,0
4710,Benson,137028.51,0
4711,Thornton,34430.16,0
4712,White,108409.17,1
4713,Mackenzie,145325.32,0
4714,Kalinina,81425.61,0
4715,Bennet,51553.43,0
4716,Hallahan,52795.15,0
4717,Martin,84270.09,0
4718,Rivera,145011.62,0
4719,Chiawuotu,66245.44,1
4720,Sergeyev,36446.74,0
4721,Christie,137136.29,0
4722,Louis,117323.31,0
4723,Iqbal,74157.71,0
4724,Marino,104253.56,0
4725,Robertson,2748.72,0
4726,Pai,195937.16,0
4727,Barese,22101.86,0
4728,Chigolum,126535.92,0
4729,Trouette,44692.63,1
4730,Ugochukwu,112442.63,1
4731,Cribb,66331.01,0
4732,McIntyre,16657.68,1
4733,Pickering,20081.3,0
4734,Fletcher,93820.49,1
4735,Uchenna,130795.52,0
4736,Pisano,160129.99,0
4737,Corson,189969.91,0
4738,Hooper,9712.52,1
4739,He,196062.01,0
4740,Chidubem,125710.53,0
4741,Schofield,23054.51,1
4742,Liang,170679.74,0
4743,Somadina,181258.76,0
4744,McIntosh,22835.13,1
4745,Hinton,102397.22,1
4746,Sal,115950.96,0
4747,De Luca,15876.52,0
4748,Bromby,117690.58,1
4749,Chang,173792.77,0
4750,Hunter,80992.8,0
4751,Sheppard,189398.18,1
4752,Fan,56787.8,0
4753,Muir,148309.98,0
4754,Lai,179673.11,1
4755,Padovesi,138470.21,0
4756,Kemp,163798.41,1
4757,Greece,33693.78,0
4758,Young,48545.1,0
4759,Chukwueloka,123427.98,0
4760,Woods,174183.44,0
4761,Forbes,17938.0,0
4762,Kang,90059.04,0
4763,Nweke,137694.23,0
4764,Ts'ui,65039.9,0
4765,Milano,162858.29,0
4766,Chao,35701.06,0
4767,Wan,18826.06,0
4768,Napolitani,130086.47,1
4769,Kovaleva,143360.56,0
4770,Russell,159920.92,0
4771,Chiebuka,12099.67,0
4772,Ellis,53087.98,0
4773,Gordon,142839.82,0
4774,Conway,178.19,0
4775,Buccho,105618.14,0
4776,Aksyonova,24734.25,0
4777,Batty,82245.67,0
4778,Rowe,177695.67,0
4779,Pisani,107961.11,1
4780,Onochie,55207.41,0
4781,Farmer,182633.63,1
4782,Cameron,51587.04,0
4783,Jennings,115403.31,0
4784,Eluemuno,186392.99,1
4785,Swift,44374.44,0
4786,Pisani,84033.35,0
4787,Nnonso,82276.62,0
4788,Cameron,177528.92,0
4789,Stevens,56850.92,1
4790,Zito,47972.65,0
4791,Taylor,104982.39,0
4792,Ferrari,133535.29,0
4793,Yeh,25571.37,0
4794,Gould,96075.55,0
4795,Agafonova,81634.45,0
4796,Fowler,165008.97,0
4797,Chidumaga,138191.81,0
4798,Sabbatini,99136.49,0
4799,Johnson,63584.55,1
4800,Chapman,160532.88,0
4801,Birk,162683.06,0
4802,Capon,134878.19,0
4803,Chidubem,134626.3,0
4804,Childs,175480.93,0
4805,Sun,174337.68,0
4806,Lung,172524.51,0
4807,Tao,25395.83,0
4808,Napolitano,184856.89,0
4809,Davis,182624.93,0
4810,Sagese,192505.62,0
4811,Hutchinson,112507.63,0
4812,Nelson,177295.92,0
4813,Schiavone,12465.51,0
4814,Chienezie,36122.96,0
4815,Obioma,37836.64,0
4816,Butusov,34747.43,0
4817,Pisano,131097.9,0
4818,Stetson,105280.55,0
4819,Waring,149653.81,0
4820,Fanucci,139390.99,0
4821,Thao,132436.71,0
4822,Murphy,179705.13,1
4823,McConnell,15796.66,0
4824,Armfield,142754.71,0
4825,Fanucci,2578.43,0
4826,Panina,88992.05,0
4827,Nixon,32936.44,1
4828,Walker,39122.58,0
4829,Chiemela,191092.62,0
4830,Martel,129149.06,0
4831,Briggs,13218.6,0
4832,Iheatu,160589.18,0
4833,Jennings,179657.83,0
4834,Ch'en,44335.54,1
4835,Kovalyov,29217.37,0
4836,Yeh,43651.49,0
4837,Chien,159654.0,0
4838,Brown,17992.94,0
4839,Buddicom,141501.45,1
4840,McGregor,93825.78,0
4841,Thompson,41852.24,1
4842,Ross,97629.31,1
4843,Ch'ang,37065.66,0
4844,Warren,38614.69,0
4845,Uspenskaya,87816.86,0
4846,King,184866.86,0
4847,Trentini,160176.47,0
4848,Konovalova,164357.1,0
4849,Dellucci,17818.33,0
4850,Goddard,142680.64,1
4851,Neumann,85081.09,0
4852,Ch'in,176450.19,0
4853,Walters,121967.88,0
4854,Muravyova,127187.04,0
4855,Barry,108313.34,0
4856,Woolnough,57205.55,0
4857,Keen,157891.86,0
4858,Liebe,86927.53,0
4859,White,107753.07,0
4860,Hunter,82158.14,0
4861,Myers,29135.89,1
4862,Rogova,17095.49,0
4863,Raff,100447.53,0
4864,Cocci,83470.4,1
4865,Kanayochukwu,121846.81,0
4866,Obialo,129107.59,0
4867,Liu,54726.43,0
4868,Gilbert,116141.72,0
4869,Coles,124872.42,1
4870,Ponomaryov,186438.86,1
4871,Bergamaschi,134281.11,0
4872,Guerin,91044.47,0
4873,Sinclair,74320.75,0
4874,Dominguez,9704.66,0
4875,Costa,128600.49,0
4876,Wei,6468.24,0
4877,Mills,57898.58,0
4878,Pugh,192120.66,0
4879,Price,164213.53,1
4880,Wood,117547.76,0
4881,Robertson,26149.25,0
4882,Sawtell,9181.66,0
4883,Yuryeva,166588.76,0
4884,Pisano,195053.58,1
4885,Kharitonova,85787.31,0
4886,Simmons,102428.51,0
4887,Muramats,71175.94,0
4888,Tang,166440.32,0
4889,Peng,148848.76,1
4890,Bevan,140286.69,0
4891,Zito,104220.5,0
4892,Sokolov,70778.63,1
4893,Teng,65868.28,0
4894,Amadi,171482.56,0
4895,Davide,143204.41,0
4896,Parkes,28427.84,0
4897,Mazzanti,78387.32,0
4898,Findlay,161076.92,0
4899,Hsu,54277.45,1
4900,Chukwukadibia,137180.95,0
4901,Baxter,21063.71,1
4902,Kung,152210.81,0
4903,Booth,88890.75,0
4904,Evans,190534.76,0
4905,Kung,83090.35,0
4906,Tung,141426.78,0
4907,Yuan,51358.66,0
4908,Jackson,88703.04,1
4909,Ross,116696.77,0
4910,Yang,7156.09,0
4911,Yu,49161.12,1
4912,Onwumelu,126743.33,1
4913,Gay,65390.46,1
4914,Morrison,138835.91,0
4915,Belov,36154.66,0
4916,Mao,59755.14,0
4917,Walsh,125302.64,0
4918,Bruno,94274.72,1
4919,Gray,102260.16,0
4920,Maurer,136028.97,0
4921,Chiang,110114.38,1
4922,Cattaneo,100442.22,1
4923,Grieve,193597.94,0
4924,Lowell,1871.25,0
4925,Trentino,42831.11,0
4926,Sung,182156.86,0
4927,Yen,151648.66,1
4928,Philipp,146738.83,0
4929,Dynon,12148.2,0
4930,Alexeyeva,118029.09,0
4931,Hs?eh,50783.88,0
4932,Ferri,129891.66,0
4933,Hsu,9904.63,0
4934,Bishop,63213.31,0
4935,Toscani,137565.87,0
4936,T'ao,17185.95,1
4937,Philip,143783.46,0
4938,Li Fonti,36823.28,0
4939,Rene,154957.66,1
4940,Daigle,31892.82,0
4941,Joshua,191084.4,1
4942,Simmons,179718.17,0
4943,Jamieson,159823.16,0
4944,Hou,114110.97,0
4945,Cochran,60993.23,0
4946,Bibb,66408.01,1
4947,Jen,136398.9,0
4948,Corran,140709.25,0
4949,He,8555.73,0
4950,Loggia,115022.94,0
4951,Lovely,187638.34,0
4952,Becker,3829.13,0
4953,Plascencia,119357.93,0
4954,Somadina,192175.52,0
4955,Walker,128841.31,0
4956,Alekseeva,150422.35,0
4957,Watson,188187.05,0
4958,Zotov,1775.52,0
4959,Williamson,85086.78,0
4960,Carpenter,3797.79,0
4961,Cattaneo,150856.38,0
4962,Gordon,90537.47,0
4963,Boni,166370.81,0
4964,Lynch,178994.13,1
4965,McCarthy,195681.43,0
4966,Davies,53277.15,0
4967,Hargreaves,172490.78,1
4968,Blackburn,11819.84,0
4969,K?,82900.25,0
4970,Meng,82709.8,0
4971,Cattaneo,180593.45,0
4972,Hunt,172363.41,0
4973,Owens,91195.12,0
4974,Steele,108987.25,1
4975,Kennedy,44265.28,0
4976,Pan,116613.26,0
4977,Alexander,148527.56,0
4978,Bray,84239.46,0
4979,Nnabuife,62002.04,0
4980,Padovesi,46044.48,1
4981,Bray,169669.33,1
4982,Lucas,156346.84,0
4983,Tinline,157711.18,0
4984,Esomchi,89087.4,0
4985,Liao,8742.36,0
4986,Iroawuchi,117038.96,0
4987,Retana,164241.67,0
4988,Fang,137720.56,1
4989,Ozioma,106.67,0
4990,Robson,1539.21,0
4991,Bruno,59659.53,0
4992,Price,173586.63,1
4993,Swanson,126033.9,0
4994,Chang,62808.93,1
4995,Morgan,147007.33,0
4996,Nwebube,196261.64,0
4997,Trevisan,44560.17,1
4998,Ositadimma,18917.95,0
4999,Cunningham,4525.4,0
5000,Fields,93112.2,0
5001,Johnston,9658.41,0
5002,Vasilyev,182627.25,1
5003,Hooper,13177.4,0
5004,Colombo,43568.31,1
5005,Tsao,117830.57,0
5006,Chikere,117396.25,0
5007,Ballard,96929.24,1
5008,Akhtar,36275.94,0
5009,O'Loughlin,116706.0,0
5010,Davis,168080.53,1
5011,Barry,25887.89,1
5012,K'ung,122488.59,0
5013,Gorman,113171.61,1
5014,John,100365.51,0
5015,Tsou,124151.37,0
5016,Okonkwo,112664.24,0
5017,Esposito,183494.87,0
5018,Boni,198810.65,1
5019,Pratt,131259.6,1
5020,Page,116471.14,1
5021,Wilkinson,15336.4,0
5022,Tseng,99593.28,0
5023,Clark,170514.21,0
5024,Finch,34265.08,1
5025,Shen,106977.53,1
5026,Hou,164287.86,0
5027,Wall,25292.53,0
5028,Manna,51820.87,1
5029,Reyes,81452.29,0
5030,Jideofor,1354.25,0
5031,Sal,71379.92,1
5032,Iweobiegbunam,154137.33,0
5033,Shao,64308.49,1
5034,Heath,31613.35,0
5035,Chidimma,27738.01,0
5036,Murray,163570.25,0
5037,Sullivan,193878.51,0
5038,Wu,147545.65,0
5039,Downie,195906.59,0
5040,Chukwufumnanya,178458.86,0
5041,Allan,156125.72,0
5042,Findlay,11159.19,0
5043,Ch'eng,45738.94,0
5044,Miller,140650.19,0
5045,Tsai,4733.94,0
5046,Graham,10579.72,0
5047,Norton,179655.87,0
5048,Yegorov,77502.56,0
5049,Holt,145759.93,0
5050,Kao,56246.72,0
5051,Ross,151335.24,0
5052,Hsiao,179833.45,0
5053,Allan,191627.85,0
5054,Liang,173016.46,0
5055,Briggs,58469.75,0
5056,Cantrell,28038.28,0
5057,Wang,159576.75,1
5058,Aksenov,151280.96,0
5059,Glennon,139953.94,0
5060,Yancy,105407.79,0
5061,Mazzi,56865.62,0
5062,Liu,198072.16,0
5063,Nucci,137791.18,0
5064,Y?,103787.28,0
5065,Nucci,30912.89,0
5066,Tang,78651.55,0
5067,Kao,123309.57,1
5068,Chen,174118.93,0
5069,Yao,85736.26,0
5070,Tsou,121138.77,0
5071,Barnes,84199.78,0
5072,H?,181224.56,0
5073,Cruz,141230.07,0
5074,Smith,158111.71,0
5075,Onuchukwu,130639.01,0
5076,Bukowski,17040.82,0
5077,Simmons,25662.27,0
5078,Stewart,193360.69,0
5079,Gow,121485.1,0
5080,Williams,162452.65,0
5081,Francis,141137.53,0
5082,Calabresi,185541.2,1
5083,Chimaobim,118383.18,0
5084,Chikwendu,8214.41,0
5085,Padovesi,46521.45,1
5086,Henderson,10772.13,0
5087,Kharlamova,199290.68,1
5088,Onio,85983.54,1
5089,Yeh,129870.93,0
5090,Feng,63158.22,0
5091,Norman,171070.52,0
5092,White,53222.15,1
5093,Manfrin,179834.45,1
5094,Ritchie,114514.64,0
5095,Udegbulam,139162.15,0
5096,Kao,50249.16,0
5097,Diaz,113469.65,0
5098,Olisaemeka,147484.13,0
5099,Ross-Watt,191448.96,1
5100,Miller,119381.41,0
5101,Shubin,33277.31,0
5102,Nwankwo,73107.53,0
5103,Cartwright,96590.39,1
5104,Ngozichukwuka,6923.11,0
5105,Sadler,176403.33,1
5106,Azuka,64349.6,0
5107,Shen,116097.26,0
5108,Whittaker,29861.13,0
5109,Abazu,48426.98,0
5110,Murphy,32770.56,0
5111,Ford,117060.2,0
5112,Gratwick,136197.65,0
5113,Pai,27438.83,0
5114,Lorenzo,192156.54,1
5115,Brady,69409.37,1
5116,Wong,58440.43,0
5117,Douglas,192519.39,0
5118,Kennedy,144874.67,0
5119,Chang,175373.46,0
5120,Brown,440.2,0
5121,Hsiung,76637.38,0
5122,MacDonald,49480.66,0
5123,Davidson,10417.87,0
5124,Milano,67976.57,0
5125,Bovee,140929.98,1
5126,Lewis,47139.06,0
5127,Dyer,126241.4,1
5128,Hsia,22614.19,0
5129,Hicks,48498.19,0
5130,Millar,103511.26,0
5131,Fan,122073.48,0
5132,Young,65535.56,0
5133,Kerr,160060.9,0
5134,Frolova,155879.57,1
5135,Vasilyev,194416.58,0
5136,Sabbatini,21630.21,0
5137,Ifeanacho,157143.61,1
5138,Capon,52796.31,0
5139,Chieloka,121798.52,1
5140,Hanson,41104.82,0
5141,Ts'ao,10604.48,0
5142,Bradshaw,78563.66,0
5143,Nkemakolam,170821.43,1
5144,Clunie,113266.09,0
5145,Cover,171768.76,0
5146,Esposito,54416.18,0
5147,Hodgson,130755.34,0
5148,Harvey,141180.66,0
5149,Dobie,183421.76,0
5150,Okwudilichukwu,132770.11,0
5151,Dyer,24400.37,0
5152,Chase,180318.6,0
5153,Baresi,111565.45,0
5154,Lo,2002.5,0
5155,Tyler,82565.01,0
5156,Ts'ui,121789.3,0
5157,Aparicio,193785.87,0
5158,Macleod,64593.07,0
5159,Sal,196993.69,0
5160,Yeh,175518.31,0
5161,Udegbunam,17268.02,0
5162,Alexandrov,60901.72,0
5163,Ozioma,100750.03,0
5164,Atkins,195224.91,0
5165,Campos,3510.18,0
5166,Wood,81250.79,0
5167,Kerr,91844.14,1
5168,Chienezie,80676.83,0
5169,Tsou,129912.74,0
5170,McKinnon,142029.17,0
5171,Nwachukwu,137651.6,0
5172,Nwebube,33877.29,0
5173,Burt,78744.39,0
5174,Ross,96734.46,0
5175,Lees,164756.81,0
5176,Feetham,164394.65,0
5177,Chuang,162501.83,1
5178,Aitken,10541.38,0
5179,Chambers,59325.21,0
5180,Coburn,178187.28,0
5181,Ahmed,142626.49,0
5182,Ogochukwu,181893.31,1
5183,Soto,156858.2,0
5184,Obiajulu,33074.51,0
5185,Yegorova,50072.94,1
5186,Lucchese,111340.36,0
5187,Talbot,100496.84,1
5188,Lu,101371.05,0
5189,Arnold,180934.67,0
5190,Nicholson,105152.17,0
5191,Chukwualuka,706.5,0
5192,Wallace,101168.9,0
5193,Pisano,6795.61,0
5194,Kelly,196111.35,0
5195,Brady,171960.76,0
5196,Palmer,177497.4,0
5197,Tan,147995.96,0
5198,L?,36209.1,0
5199,Mordvinova,143614.01,0
5200,Corones,14828.54,0
5201,Clements,154775.7,0
5202,Morrice,70529.0,1
5203,Hsiung,57896.27,0
5204,Barrett,69759.91,0
5205,Kanayochukwu,89938.08,0
5206,Tardent,89578.32,0
5207,Bowhay,73464.88,0
5208,Lei,138542.87,0
5209,Baker,161888.63,0
5210,Pisano,86937.2,0
5211,Castillo,42241.54,0
5212,Gibson,121207.66,1
5213,Lindsay,102930.46,0
5214,Macnamara,65121.63,1
5215,Romano,78498.04,1
5216,Aksakova,104769.96,0
5217,Farnsworth,96498.14,0
5218,Giordano,38691.34,0
5219,Arnold,164804.02,0
5220,Thompson,104152.65,1
5221,Koch,88866.92,0
5222,Jones,129890.94,0
5223,Otitodilinna,179258.67,0
5224,Fleetwood-Smith,72051.44,0
5225,Chinonyelum,74580.8,0
5226,Montague,123995.15,0
5227,Milani,38960.59,0
5228,Palermo,94951.27,0
5229,Anderson,56642.97,0
5230,Crawford,50783.1,0
5231,Lin,9149.96,1
5232,Yewen,21006.1,1
5233,Simmons,33759.41,1
5234,Mbadiwe,196622.28,1
5235,Munro,176353.87,1
5236,Graham,176943.59,0
5237,Lombardo,177966.24,0
5238,Kalinin,162198.32,0
5239,Woodward,197643.24,0
5240,Pirozzi,60420.07,0
5241,Iweobiegbulam,70550.0,0
5242,Piazza,198798.44,1
5243,Baranova,126310.39,1
5244,Fan,64515.5,0
5245,Sun,158580.05,0
5246,Marino,129353.21,0
5247,Donaldson,137273.97,0
5248,Burton,171575.54,0
5249,Quinn,96528.0,1
5250,Sabbatini,64421.02,0
5251,Brooks,158444.61,0
5252,Black,66548.58,0
5253,Schwartz,108008.05,0
5254,Ts'ui,128268.39,0
5255,Sargent,37464.0,1
5256,Udinesi,157381.14,1
5257,Lee,194257.11,0
5258,Taylor,139059.05,0
5259,Kepley,40893.61,0
5260,Ozuluonye,40261.49,0
5261,Lassetter,46203.31,0
5262,Mishina,13126.9,0
5263,Trevisano,165675.01,0
5264,Iloerika,5459.07,1
5265,Tan,131919.48,0
5266,Chikelu,182372.35,0
5267,Lin,147600.54,0
5268,Nicholson,92865.41,0
5269,Ugoji,67142.97,1
5270,Michel,65611.01,0
5271,Bruce,138564.48,1
5272,Feng,187391.02,1
5273,McDonald,33656.35,0
5274,Watt,100618.17,0
5275,Goodwin,198134.9,0
5276,Arcuri,50368.87,0
5277,Rapuluolisa,108787.0,0
5278,Kao,33099.41,1
5279,Tsui,124550.88,0
5280,Summers,5159.21,1
5281,Cross,48228.1,0
5282,Osorio,108798.36,0
5283,Bobrov,21085.12,0
5284,Barnett,28922.25,0
5285,Pike,62514.65,1
5286,Gearheart,177506.66,0
5287,Bruno,90605.05,0
5288,Egobudike,132029.95,0
5289,Okechukwu,176903.35,0
5290,Zikoranachidimma,29239.29,1
5291,Milanesi,153662.88,0
5292,Ahern,154389.18,0
5293,Dickson,166224.39,0
5294,Anayochukwu,21646.2,0
5295,McDonald,171037.63,0
5296,Fiorentini,112649.22,1
5297,Russo,193014.26,1
5298,Young,118120.88,0
5299,Bianchi,25650.04,0
5300,Fallaci,113048.79,0
5301,Crawford,87372.49,0
5302,Marsh,146651.99,0
5303,Kosisochukwu,8227.91,0
5304,Piccio,57034.35,0
5305,Nevels,93003.21,0
5306,Kaodilinakachukwu,165574.54,1
5307,Amaechi,13566.48,1
5308,P'an,82796.29,0
5309,Ikemefuna,119830.08,0
5310,Tai,72155.85,1
5311,Winn,62762.12,0
5312,Hardy,183235.33,0
5313,Chiu,105206.48,0
5314,Lopez,22512.44,1
5315,Steen,122305.91,0
5316,Ferri,173617.09,0
5317,Yegorova,160670.37,0
5318,Knowles,158958.9,0
5319,May,93073.04,0
5320,Bianchi,67238.01,0
5321,Pipes,172576.56,0
5322,Doherty,122580.48,0
5323,Yobanna,149043.78,0
5324,Hsu,105218.45,0
5325,Russell,78463.99,1
5326,Payne,160849.43,1
5327,Windsor,87834.24,0
5328,Bray,166317.71,0
5329,Seleznyov,137309.06,0
5330,Wark,166984.44,0
5331,Y?,166996.46,1
5332,Brown,188022.44,0
5333,Huang,194467.23,0
5334,Zito,125449.47,0
5335,Bailey,137452.57,0
5336,Allnutt,123475.88,1
5337,Christie,38941.44,1
5338,Pope,177852.57,1
5339,Johnstone,31532.96,1
5340,Bird,136377.21,0
5341,Jones,130541.1,0
5342,Pedder,65636.92,0
5343,Calabrese,193305.35,0
5344,Chialuka,47307.9,0
5345,McKenzie,100809.99,0
5346,Holloway,109145.2,0
5347,Tang,91167.19,1
5348,Byrne,175295.89,1
5349,Selwyn,127433.47,0
5350,Genovese,71167.17,1
5351,Koger,111184.67,0
5352,Baranov,141756.32,0
5353,Greco,72678.75,1
5354,Owens,172832.9,0
5355,Y?,158086.33,0
5356,Kendall,168184.62,1
5357,Ko,72950.14,0
5358,Tang,48378.4,0
5359,Lombardo,23135.65,1
5360,Perkins,65675.47,0
5361,Feng,170676.67,0
5362,Lo,27366.77,0
5363,Piccio,152479.64,1
5364,Mazzanti,105383.49,0
5365,Chukwualuka,48189.94,0
5366,Elliot,100324.01,0
5367,Gratton,65657.29,0
5368,Carandini,17682.02,1
5369,Robinson,111342.66,1
5370,Lo,134158.09,1
5371,Ma,79176.09,1
5372,Vinogradova,83103.46,0
5373,H?,63908.86,0
5374,Alexandrova,90896.04,0
5375,Yang,76076.2,0
5376,Maslova,103902.11,0
5377,Buccho,142223.94,0
5378,Young,147533.09,0
5379,Barker,169156.64,0
5380,Sung,141242.57,0
5381,Hansen,149458.73,0
5382,Brown,86950.72,0
5383,Lo Duca,176925.69,0
5384,Ellis,40357.39,0
5385,Korff,26687.22,1
5386,Gardiner,78702.98,1
5387,Kiernan,176163.74,0
5388,Thompson,4896.11,1
5389,Mathews,114899.13,0
5390,Macrossan,92220.12,1
5391,Illingworth,6251.3,0
5392,Bowen,43018.82,1
5393,Craig,27548.06,0
5394,Menhennitt,120454.2,0
5395,Moore,133961.19,0
5396,Shoebridge,131753.97,0
5397,Palermo,38019.74,0
5398,Reilly,28144.07,1
5399,Bowen,45959.86,0
5400,Fyodorov,189528.72,0
5401,Clements,170481.98,0
5402,McKenzie,94845.45,0
5403,Craig,161253.08,0
5404,Iloerika,115260.72,0
5405,Dolgorukova,60721.4,0
5406,Eva,121365.45,0
5407,Yeh,101693.73,0
5408,P'an,54132.93,0
5409,Howe,10666.05,0
5410,Jenkins,41227.67,0
5411,Shih,10712.82,0
5412,Nnamdi,98912.69,1
5413,Mitchell,197202.48,0
5414,Findlay,150720.39,0
5415,Pisani,74780.13,0
5416,Belisario,79377.45,0
5417,Pomeroy,8763.87,0
5418,Ibrahimova,177112.7,0
5419,K?,85016.64,1
5420,Graham,88689.4,0
5421,Trevisano,95985.64,0
5422,Trevisano,166792.71,0
5423,K?,68730.91,0
5424,Manning,146891.07,1
5425,Tucker,148727.42,0
5426,Schaffer,43134.58,0
5427,Esomchi,40318.33,0
5428,Ch'ang,97633.93,0
5429,Walker,65069.03,0
5430,Chu,166335.0,0
5431,Crawford,121904.44,0
5432,Milne,175235.99,0
5433,Anenechukwu,56185.05,0
5434,Donaldson,131625.14,0
5435,Kelly,152323.04,0
5436,Ts'ao,165840.94,0
5437,Gonzalez,176692.65,0
5438,Tai,121904.14,0
5439,Muravyova,123663.63,0
5440,Milanesi,119644.59,1
5441,Lin,66825.33,0
5442,Lambert,94875.03,1
5443,Temple,76304.73,0
5444,Ridley,39755.0,0
5445,Young,180142.42,0
5446,Slye,83238.4,0
5447,Pan,5078.9,0
5448,Hsueh,132424.69,1
5449,Roberts,109057.56,0
5450,Moss,115676.61,0
5451,Andrews,149401.33,0
5452,Takasuka,89891.4,1
5453,Dawson,82500.84,0
5454,Bruche,6416.92,0
5455,Oliver,189428.75,1
5456,Ryan,178833.34,0
5457,Sabbatini,42766.03,0
5458,Watt,90883.12,0
5459,Wilson,80619.09,0
5460,Abramova,120646.4,0
5461,Purdy,41409.36,0
5462,Higgins,112317.89,0
5463,Marshall,152128.36,0
5464,Reye,177670.57,0
5465,Chibueze,189159.97,0
5466,Kwemtochukwu,159403.68,0
5467,Biryukova,149536.15,0
5468,Chidozie,155492.87,0
5469,Barber,24847.02,0
5470,Thompson,115387.4,0
5471,Maslov,171971.25,1
5472,Jones,126106.4,0
5473,Chidumaga,28228.35,0
5474,Hs?,138113.71,0
5475,Trentini,43018.98,0
5476,Lucas,83611.45,1
5477,Willoughby,118863.38,0
5478,Jamieson,91947.74,0
5479,Robertson,94488.82,0
5480,Ojiofor,47058.21,0
5481,Cameron,44719.5,1
5482,Mayne,174478.54,0
5483,Mancini,45611.51,0
5484,Paramor,73853.94,1
5485,Young,196517.43,0
5486,Daly,92914.67,0
5487,Carter,31372.91,0
5488,Dike,109733.73,0
5489,Hughes,36083.96,0
5490,Green,188435.38,0
5491,Chinomso,169963.2,1
5492,Gorshkov,69320.97,0
5493,Chinomso,36145.53,0
5494,Ijendu,137702.01,1
5495,Yen,71594.26,0
5496,Arcuri,65565.92,0
5497,Baresi,101828.39,0
5498,Field,39546.32,0
5499,Christian,110805.79,0
5500,Ross,2168.13,0
5501,Trevisani,190067.12,0
5502,Akabueze,77789.01,0
5503,Dunn,127654.37,0
5504,Martin,79602.86,0
5505,Donaldson,80619.17,0
5506,McClinton,160346.3,0
5507,Bentley,109638.78,1
5508,Ibezimako,1276.87,0
5509,Thomson,49374.82,0
5510,Ch'in,31580.8,1
5511,Holbrook,20560.69,0
5512,Solomina,84584.69,0
5513,McDonald,15246.83,0
5514,Dennis,32607.77,1
5515,Faulk,155846.69,0
5516,Dale,3232.82,0
5517,Gorbunov,177668.55,0
5518,Farrell,134441.6,0
5519,De Luca,111032.79,1
5520,Walker,45214.04,0
5521,Forster,67208.3,0
5522,Brown,80985.88,0
5523,Monaldo,167573.06,0
5524,Wu,160110.65,0
5525,Pan,127825.25,0
5526,Longo,123535.05,0
5527,Findlay,41595.3,0
5528,Fu,97628.08,0
5529,Yin,91359.79,0
5530,Hamilton,97755.29,0
5531,Miller,182528.44,0
5532,Hsing,142956.48,0
5533,Mitchell,10789.3,0
5534,Chamberlin,130461.09,0
5535,Buttenshaw,190994.48,1
5536,Anayochukwu,159463.8,0
5537,Wallace,57589.29,0
5538,Calabresi,40437.67,0
5539,Sun,56459.45,0
5540,Tuan,39920.0,1
5541,Nazarova,148798.45,0
5542,Bryant,63737.19,1
5543,Pai,154997.64,0
5544,Power,34777.23,0
5545,Hao,93718.16,0
5546,McMillan,133112.41,0
5547,Merrett,175479.92,1
5548,Phillips,96.27,0
5549,De Luca,30804.68,0
5550,Tu,197193.49,0
5551,Elder,96792.15,0
5552,Dilke,132719.8,0
5553,Panicucci,112157.31,0
5554,Mason,38015.34,0
5555,Townsend,164018.98,0
5556,Gunson,46774.94,0
5557,Milano,189664.43,0
5558,Macleod,26106.39,1
5559,Olisaemeka,191535.11,1
5560,Gleeson,158937.55,0
5561,Martin,25222.6,1
5562,Liao,29296.74,0
5563,Sung,54394.28,0
5564,Lai,9234.06,0
5565,Cartwright,26796.73,0
5566,Wu,11796.89,0
5567,Ch'in,128461.29,0
5568,Biryukov,14278.18,0
5569,Ting,46811.77,0
5570,P'eng,109393.19,1
5571,Niu,3966.5,1
5572,Mellor,63173.64,0
5573,Power,66367.33,0
5574,Arcuri,16274.67,0
5575,Lang,180553.48,0
5576,Eve,107563.16,1
5577,Ch'in,100941.57,0
5578,Napolitani,110230.4,0
5579,Barker,142331.85,0
5580,Whitfield,199099.51,0
5581,Stradford,85890.16,0
5582,Brownlow,143938.27,0
5583,Dunn,131644.41,0
5584,DeRose,112395.98,0
5585,Wang,71856.3,0
5586,Hobbs,35770.84,0
5587,Anderson,124364.63,0
5588,Ugochukwu,78101.29,0
5589,Kirsova,143096.49,1
5590,Tsou,14073.11,0
5591,Ozerova,47388.41,0
5592,Li,72306.07,0
5593,Fyans,184839.7,1
5594,Freeman,47886.44,0
5595,Chiu,130474.03,0
5596,Iadanza,73181.39,1
5597,Ferguson,65706.86,0
5598,Kelly,104379.36,0
5599,She,192146.63,1
5600,Christie,66977.68,0
5601,Creel,158742.81,0
5602,Thompson,189414.74,0
5603,Lazareva,159130.32,0
5604,Boni,97640.2,0
5605,Evseev,86022.09,0
5606,Marino,10014.72,1
5607,Mackenzie,17384.21,0
5608,Sutherland,143315.57,0
5609,Nicolay,31669.18,0
5610,Lori,12761.16,0
5611,Piazza,93429.95,0
5612,Somerville,42012.55,0
5613,Christie,15798.7,0
5614,Grave,56408.14,0
5615,Lori,4696.44,0
5616,Iloerika,25042.1,0
5617,Muir,130442.08,1
5618,Pauley,136521.82,0
5619,Kao,199108.88,0
5620,Grant,124596.63,0
5621,Chukwuma,134394.78,0
5622,Vincent,144275.39,0
5623,Lazareva,123410.23,0
5624,Ch'ien,143298.06,0
5625,Bishop,129562.74,0
5626,Chibuzo,4595.05,0
5627,Chang,146715.07,0
5628,Calabrese,163558.36,0
5629,Tokaryev,6947.09,0
5630,Logan,9170.54,0
5631,Ozerova,199674.83,0
5632,Goering,157166.79,1
5633,Lo,46072.52,0
5634,Simmons,3524.69,0
5635,Maduabuchim,45563.94,0
5636,Linger,59103.13,0
5637,Yeh,189558.44,0
5638,Stevenson,45779.9,0
5639,Ifeatu,21859.06,0
5640,Kenechukwu,162699.7,1
5641,Learmonth,8567.18,0
5642,Dickson,132943.88,0
5643,Volkova,12916.32,1
5644,Mitchell,128799.86,0
5645,Wong,99347.8,1
5646,James,40980.87,1
5647,Shao,40368.65,0
5648,Walton,94738.54,0
5649,Stanley,88842.8,0
5650,Watson,136934.91,0
5651,Folliero,109356.53,0
5652,Fitzgerald,199635.93,0
5653,Garner,158408.23,0
5654,Folliero,95936.84,0
5655,Liao,126688.83,1
5656,Lucchesi,150850.29,0
5657,Chan,27802.0,0
5658,Ma,32430.94,1
5659,Nwabugwu,137332.37,1
5660,P'eng,28601.68,0
5661,Andrews,108411.66,0
5662,Otutodilinna,122518.5,0
5663,Grant,9015.07,0
5664,Abramovich,94433.08,1
5665,Komarova,110371.84,0
5666,Otutodilichukwu,141364.62,1
5667,Donaldson,16245.25,0
5668,Duggan,108348.94,1
5669,Chinwendu,171668.2,0
5670,Hamilton,67364.42,0
5671,Smith,107867.38,0
5672,Mazzi,194310.1,0
5673,Krischock,33950.08,0
5674,Kent,197588.32,0
5675,Binder,428.23,0
5676,Zubarev,34948.77,0
5677,Degtyarev,82084.3,0
5678,Obialo,64804.59,0
5679,Davydova,83556.65,0
5680,Teng,71926.28,1
5681,Hsing,122925.44,0
5682,Coleman,13133.88,0
5683,Wilder,62845.64,1
5684,Molineux,28411.23,0
5685,Cocci,28640.92,1
5686,Chikwendu,156787.34,1
5687,Fraser,125307.87,0
5688,Lai,131736.23,0
5689,Korovin,128262.14,0
5690,Sidorov,91366.42,0
5691,Ibrahimova,82290.81,0
5692,Duigan,66190.21,0
5693,Taylor,23920.65,0
5694,Donaldson,45438.38,0
5695,Jobson,93360.35,0
5696,Lu,14496.67,0
5697,Nebechi,168521.72,0
5698,Cross,103318.44,0
5699,Wallace,87219.41,0
5700,Perreault,197490.39,1
5701,Manna,126812.63,1
5702,Hsiung,94283.09,0
5703,Gibbons,46857.52,0
5704,Algeranoff,81491.7,1
5705,Doherty,129107.97,0
5706,Rowe,49732.9,0
5707,Yates,88728.47,0
5708,Galloway,86981.45,0
5709,Genovese,3740.93,0
5710,Arrington,67949.32,0
5711,Miah,147636.46,0
5712,Chijindum,188891.96,1
5713,Ferguson,25482.62,0
5714,Smith,18391.93,0
5715,Marshall,140168.36,0
5716,P'an,161064.29,0
5717,Burton,183542.08,0
5718,Kamdibe,194238.92,0
5719,Milani,7900.46,0
5720,Forbes,51424.29,0
5721,Chiekwugo,152450.84,1
5722,Cousens,55816.2,0
5723,Ross,32909.13,0
5724,Wood,100637.07,0
5725,Hawks,142911.99,0
5726,T'ien,26287.21,0
5727,Ting,60775.76,1
5728,Thynne,146257.77,0
5729,Wang,28332.0,0
5730,Maclean,100919.19,0
5731,Watson,102591.9,1
5732,Gibson,25554.4,0
5733,French,152107.93,1
5734,Henderson,69381.05,0
5735,Greenwood,101728.46,0
5736,Anderson,89040.61,0
5737,Mistry,16910.98,0
5738,Tuan,150468.35,0
5739,Fiorentini,177613.19,0
5740,Scott,120672.09,0
5741,Jideofor,77142.85,0
5742,Yevseyev,127804.66,1
5743,Kelly,158344.63,0
5744,Smith,167179.48,0
5745,Ogle,15404.64,0
5746,Moss,156036.19,0
5747,Loggia,144725.14,0
5748,Nwankwo,22558.74,0
5749,Allan,147342.03,0
5750,Woronoff,85470.45,1
5751,Wolfe,194656.11,0
5752,Henderson,48505.1,0
5753,Sutherland,101491.23,0
5754,Marsden,164117.69,0
5755,Hyde,124626.57,0
5756,Kao,34490.06,0
5757,T'ang,90967.37,0
5758,Crawford,24208.84,1
5759,Dilibe,174873.09,0
5760,Austin,170262.97,0
5761,Santiago,112289.06,0
5762,Chibugo,93783.0,0
5763,Toscano,150026.79,0
5764,Afanasyeva,102036.82,0
5765,Sokolov,898.51,0
5766,Wei,95124.4,0
5767,Olisanugo,11514.39,0
5768,Gorman,27468.72,0
5769,Priestley,37092.43,0
5770,Lloyd,171587.9,0
5771,Salmond,80828.78,0
5772,MacDonald,169287.99,0
5773,Robertson,13197.44,0
5774,Chukwumaobim,54439.53,0
5775,Ifeanacho,38186.85,0
5776,Li Fonti,27274.6,1
5777,Ko,65758.19,0
5778,Goloubev,97767.63,0
5779,Kruglov,115468.84,1
5780,Liao,98293.14,0
5781,White,182059.28,0
5782,Sinclair,128538.05,0
5783,Fiorentini,108841.83,0
5784,Shen,18581.84,0
5785,Rapuokwu,146821.42,0
5786,Woronoff,100727.68,0
5787,Holden,39356.38,0
5788,Roberts,169921.11,1
5789,Tsou,42364.75,1
5790,Somerville,28823.04,0
5791,Greco,182436.81,1
5792,Leonard,115700.2,0
5793,McKenzie,16725.53,0
5794,McElhone,56875.76,0
5795,Dipietro,56214.09,0
5796,Kerr,193412.05,0
5797,Hunter,83263.04,0
5798,Niehaus,13404.4,0
5799,Craig,184474.15,1
5800,Barclay-Harvey,121124.53,0
5801,Teng,152567.75,1
5802,Milani,10722.54,0
5803,Mistry,58010.98,0
5804,Jamieson,163440.8,1
5805,Kay,102606.92,0
5806,Ikedinachukwu,80591.18,0
5807,Holt,177362.45,0
5808,Nkemakolam,120257.7,1
5809,Hartung,180622.02,0
5810,Ch'en,130404.53,0
5811,Baker,147797.54,0
5812,Osinachi,57844.26,0
5813,Shih,162523.66,0
5814,Feng,54495.82,0
5815,Sternberg,169183.66,0
5816,Adams,80262.91,0
5817,Gray,8751.59,0
5818,Shepherd,102628.98,0
5819,Walton,94823.95,0
5820,Yang,90821.66,0
5821,Barnett,153194.32,1
5822,Romani,87310.59,0
5823,Greene,146411.41,1
5824,Hart,74048.1,1
5825,Johnston,23386.77,1
5826,Miller,92898.17,0
5827,Robson,45956.05,0
5828,Wallace,71738.56,0
5829,Cross,103560.98,0
5830,Marcum,52367.29,0
5831,North,152916.05,1
5832,Mao,4410.77,0
5833,Calabrese,74771.22,1
5834,Martin,193817.63,1
5835,Fleming,26793.82,0
5836,Roberts,32526.64,0
5837,Finch,824.0,0
5838,Whitelegge,85250.77,1
5839,Rooke,83508.93,0
5840,Lu,173599.38,0
5841,Marcelo,79342.31,1
5842,Matthews,57600.66,0
5843,Romani,56191.99,0
5844,Scott,6770.44,0
5845,Mao,101694.67,0
5846,Horsley,69113.14,0
5847,Goddard,172674.36,1
5848,Eskridge,26606.28,0
5849,Smith,53353.36,0
5850,Simpson,63747.51,0
5851,Oguejiofor,190112.05,0
5852,Holloway,110317.39,0
5853,L?,148623.43,1
5854,Feng,125253.46,0
5855,Claiborne,101954.78,1
5856,Egobudike,168462.26,0
5857,Folliero,26215.85,1
5858,Bray,97045.32,1
5859,Ibrahimov,53534.8,0
5860,Carpenter,8949.2,0
5861,Walsh,163116.75,0
5862,Woods,140745.91,0
5863,Wu,171515.84,0
5864,Forbes,150803.44,0
5865,Lynch,76884.05,0
5866,Amaechi,170454.93,1
5867,Enriquez,143104.3,0
5868,Y?an,55701.62,0
5869,Brooks,186370.3,0
5870,Wang,24275.32,0
5871,Burke,50774.81,1
5872,Meng,154279.87,0
5873,Chiganu,68462.59,1
5874,Hunt,91036.74,0
5875,Lucchese,83681.97,0
5876,Humphries,199484.96,0
5877,Frolova,152491.22,0
5878,Hsing,134875.37,0
5879,Parkes,184366.14,0
5880,Gregory,189839.93,0
5881,Obiuto,175643.44,0
5882,Longo,3268.17,1
5883,Lombardo,47089.72,0
5884,Lombardo,46562.02,0
5885,Gonzalez,62487.97,0
5886,Nwabugwu,181598.25,0
5887,Ford,64815.05,1
5888,Gilleland,70196.23,1
5889,Fullwood,160383.47,0
5890,Kao,35848.12,0
5891,Montalvo,87278.48,0
5892,Wilson,94498.82,0
5893,Doyne,133486.36,0
5894,Onwuamaeze,73107.6,0
5895,K'ung,195333.98,0
5896,O'Donnell,121525.48,0
5897,McMillan,173843.21,0
5898,Chinedum,185227.42,0
5899,Capon,125244.18,0
5900,Rawling,163113.41,0
5901,Duncan,123006.91,0
5902,Trevisani,40463.03,0
5903,Ankudinova,131363.57,1
5904,Balsillie,188305.85,1
5905,Kerr,143994.86,0
5906,Worsnop,89368.59,0
5907,Yevseyev,158365.89,0
5908,Manna,78753.12,1
5909,Siciliani,100408.31,0
5910,Powell,24677.54,0
5911,Bazarova,39570.78,0
5912,White,155665.76,0
5913,Buda,168294.27,0
5914,Cattaneo,87908.01,0
5915,Lo,191198.92,1
5916,Brown,191207.03,0
5917,Rose,128954.05,0
5918,Lombardo,59905.29,0
5919,McMillan,162012.6,0
5920,Howe,19231.98,0
5921,Hsu,175749.36,0
5922,Han,60533.96,1
5923,Calabrese,137508.42,1
5924,Riley,189430.86,0
5925,Biryukov,6723.66,0
5926,Broadhurst,41371.68,1
5927,Genovesi,125140.72,1
5928,Hsieh,143683.75,0
5929,Kemp,170770.44,0
5930,Chukwudi,157397.57,0
5931,Iqbal,50595.15,1
5932,Teng,50390.98,0
5933,Tao,163150.03,1
5934,Chinedum,138280.17,0
5935,Stevenson,135067.02,0
5936,Duncan,163534.75,1
5937,Garrett,86657.48,0
5938,Yao,162087.82,0
5939,He,28879.3,0
5940,Mazzi,169203.51,1
5941,Edwards,102426.12,0
5942,Lucchesi,54676.1,1
5943,Siciliani,18369.33,0
5944,Shih,159888.1,0
5945,Logue,167636.15,0
5946,Rechner,138889.15,0
5947,O'Brien,199392.14,0
5948,Stewart,189560.43,0
5949,Batt,17375.27,1
5950,Hope,140225.14,1
5951,Ahmed,61018.85,0
5952,Pearson,51907.72,1
5953,Kruglov,47018.75,0
5954,Gordon,33700.52,0
5955,Trujillo,59636.43,1
5956,Pagnotto,157147.59,0
5957,Horton,191393.26,0
5958,DeRose,199862.75,0
5959,Chiang,20016.59,0
5960,Gill,30635.52,1
5961,Trevisano,117832.88,0
5962,Morrison,22497.1,1
5963,Onuora,747.88,0
5964,Ikenna,76870.81,0
5965,Mancini,107848.24,0
5966,Moss,103726.71,0
5967,Ting,178268.36,0
5968,Tai,126281.83,0
5969,Pan,196651.72,0
5970,Wilson,5962.3,0
5971,Bianchi,21928.81,0
5972,Holman,127022.87,1
5973,Obidimkpa,162763.01,0
5974,Wallace,113950.51,0
5975,Ash,104930.46,0
5976,Ku,52337.97,1
5977,Uspensky,179964.55,0
5978,Shih,83753.64,0
5979,Kumm,182913.95,0
5980,Carey,166720.28,0
5981,Farber,192721.98,0
5982,Calabrese,180241.44,0
5983,Findlay,48475.12,0
5984,Yu,126551.48,0
5985,Edments,64872.55,0
5986,Brown,98031.53,1
5987,Lindon,93524.22,0
5988,Chukwudi,56991.66,0
5989,Caldwell,183980.56,1
5990,Li Fonti,130234.63,0
5991,Pitcher,32454.26,0
5992,Capon,75396.43,0
5993,Kable,167756.45,0
5994,Lo Duca,24799.47,0
5995,Kulikova,60429.43,0
5996,Navarrete,74241.09,0
5997,Huguley,78310.82,0
5998,Han,119419.37,0
5999,Horsley,91305.77,0
6000,Massie,25136.95,1
6001,Singh,193880.6,1
6002,H?,47856.78,0
6003,Doyle,4491.77,0
6004,Grant,101311.95,0
6005,Law,38830.72,0
6006,King,26817.23,0
6007,Onwubiko,199727.72,0
6008,Romano,67445.85,0
6009,Okwudilichukwu,161002.29,0
6010,Milano,20778.39,0
6011,Parker,41042.4,1
6012,Aitken,67484.16,0
6013,Obiora,121763.68,0
6014,Vasilyeva,157358.43,1
6015,Chiabuotu,110275.17,0
6016,Slater,43801.27,0
6017,Hughes,9085.0,0
6018,Menkens,143086.09,0
6019,Pisani,100556.98,0
6020,Y?an,140000.29,0
6021,Milani,186775.25,0
6022,Chin,133570.43,1
6023,Fu,154990.58,1
6024,Howells,27654.44,0
6025,Ni,137763.93,0
6026,Maslova,25723.73,0
6027,Forster,186285.52,0
6028,Sun,142208.5,1
6029,Bocharova,169862.01,1
6030,Y?an,41365.85,0
6031,Singh,30812.84,0
6032,Nkemakonam,155023.93,0
6033,Chiemenam,159416.58,0
6034,Angelo,76259.23,0
6035,Frolov,105965.25,0
6036,West,50743.83,0
6037,Beatham,147720.27,0
6038,Pollard,167387.36,0
6039,Hsing,95159.13,0
6040,Dowse,4654.28,0
6041,Lucciano,130376.68,0
6042,Godfrey,173486.39,0
6043,Gratton,93881.75,0
6044,Manning,36376.97,0
6045,Mazzi,128499.94,0
6046,Wall,105898.69,0
6047,Sims,11959.03,0
6048,Allan,98810.78,0
6049,Griffen,65906.07,0
6050,Russell,151516.7,0
6051,Brown,37214.39,0
6052,Palerma,92033.98,0
6053,Gilbert,195692.3,0
6054,Uvarov,6342.84,1
6055,Wisdom,95148.28,0
6056,Hussain,21215.67,0
6057,Woods,19700.24,0
6058,Cameron,134396.64,1
6059,Mai,135077.01,0
6060,Gibson,133600.89,1
6061,Grigoryeva,99922.08,1
6062,Gunter,41399.33,0
6063,Arcuri,159344.43,0
6064,Tung,18364.19,0
6065,Smith,98162.44,1
6066,Lori,84663.21,0
6067,Chidimma,36536.93,0
6068,Ting,79101.67,0
6069,Tsao,16644.16,0
6070,Collee,158420.14,0
6071,Lettiere,48988.28,0
6072,Fu,96862.56,0
6073,Bergamaschi,96366.7,0
6074,Dyer,146123.19,0
6075,Buccho,135178.91,0
6076,Jones,158615.41,0
6077,Nebechi,71433.88,0
6078,Ibekwe,55672.09,0
6079,Gorshkov,150218.11,0
6080,Nweke,162734.31,1
6081,Hairston,21228.71,1
6082,Loggia,62027.9,0
6083,Morgan,60988.21,1
6084,Abdulov,108675.01,0
6085,Norris,72643.95,1
6086,Clark,9241.52,0
6087,Chukwudi,153080.4,1
6088,Perkin,72196.57,0
6089,Ch'ang,199527.34,0
6090,Kang,156598.23,0
6091,Chukwudi,74917.64,0
6092,Frolova,111249.62,0
6093,Chiu,59115.77,0
6094,Simpson,148218.86,0
6095,McLean,77142.32,0
6096,Hu,67484.6,0
6097,Savage,63452.18,1
6098,Wallace,103660.31,0
6099,Winter,163191.99,1
6100,Ho,62905.29,0
6101,Su,44323.22,1
6102,Li Fonti,97938.59,0
6103,Ives,126565.21,0
6104,Trevisani,185360.4,1
6105,Bond,183229.02,0
6106,Lettiere,106024.02,0
6107,Houghton,167810.26,0
6108,Lei,138536.09,0
6109,Stirling,184520.0,1
6110,Grant,20492.16,0
6111,Baresi,134676.72,0
6112,Pearce,138478.2,0
6113,Rutledge,125557.95,0
6114,Udegbunam,82969.61,1
6115,Zaytseva,158071.69,0
6116,Onyemauchechukwu,43615.67,0
6117,Mullah,119969.99,0
6118,Candler,140201.21,0
6119,Konovalova,80792.83,0
6120,Lei,141359.11,0
6121,Hollis,23344.94,0
6122,Lionel,5075.17,1
6123,Francis,95500.98,0
6124,Carter,79082.62,0
6125,Mai,199805.63,0
6126,Johnson,52709.55,0
6127,Sherman,56583.88,0
6128,Sabbatini,3385.04,0
6129,Shih,12537.42,0
6130,Yao,64722.61,0
6131,Ko,75246.21,1
6132,Kazakova,198929.84,0
6133,Chiganu,69011.66,0
6134,Nucci,52404.47,0
6135,Marsden,163641.53,0
6136,Serena,154598.56,0
6137,McLean,173989.47,1
6138,Longo,61315.37,1
6139,Wilson,143393.24,0
6140,Hsiung,124210.53,0
6141,Wright,151460.84,0
6142,Folliero,20734.81,0
6143,Johnston,43705.56,0
6144,Palermo,180736.24,0
6145,Nwabugwu,104170.48,0
6146,Endrizzi,27867.59,0
6147,Tuan,55387.28,0
6148,Udobata,196332.45,0
6149,Ibezimako,116046.22,0
6150,Maclean,93874.87,1
6151,Shaw,76614.04,0
6152,Cummins,6076.62,0
6153,Lavrentiev,122221.71,0
6154,Saunders,24156.03,0
6155,Fiorentino,135394.62,0
6156,Knight,91340.02,0
6157,Manfrin,146090.38,0
6158,Zetticci,172096.08,0
6159,Angelo,135034.57,1
6160,Zhdanov,84008.66,0
6161,Peck,91763.67,0
6162,Uwaezuoke,137001.1,0
6163,White,106799.49,0
6164,Greco,10494.64,0
6165,Chu,79866.73,1
6166,Kodilinyechukwu,186172.85,0
6167,Scott,91673.6,0
6168,Enyinnaya,18458.2,0
6169,Hao,8342.35,0
6170,McElhone,138578.37,0
6171,Ko,38129.22,0
6172,Day,107155.4,1
6173,Harris,29792.11,0
6174,Gerald,7063.6,0
6175,Nebeuwa,21645.06,0
6176,Kaodilinakachukwu,137079.86,0
6177,Maruff,172718.35,1
6178,Howe,106691.02,0
6179,Knepper,72274.84,0
6180,Fennell,32246.63,0
6181,T'ao,80552.36,0
6182,Morris,16733.59,0
6183,Holmes,1235.49,0
6184,Yu,50168.41,1
6185,Walker,33687.9,0
6186,Edwards,178705.45,1
6187,Harvey,66810.48,0
6188,McDonald,45859.55,1
6189,Chambers,63846.36,0
6190,Reed,100236.02,0
6191,Shih,19645.65,0
6192,Onyemachukwu,178393.68,0
6193,Teng,78591.15,0
6194,Hand,124954.56,0
6195,Onyemauchechukwu,3756.65,0
6196,Bailey,152723.23,0
6197,Chiang,187597.98,1
6198,Maclean,70381.49,0
6199,Yobachi,156792.89,0
6200,Munro,35534.68,0
6201,Chidi,151256.22,0
6202,Chamberlain,51011.29,0
6203,Trujillo,111190.53,0
6204,Tang,69664.35,0
6205,Wilson,63233.02,1
6206,Mann,40855.79,0
6207,Parry,95673.05,0
6208,Manfrin,80234.14,0
6209,Millar,189051.59,1
6210,Simmons,145490.85,0
6211,Beneventi,196278.32,0
6212,Chung,162889.1,0
6213,Maxwell,174667.58,0
6214,Dale,3476.38,0
6215,Stevens,19344.92,0
6216,Wei,95270.83,0
6217,Chiu,107759.31,0
6218,Duncan,118368.2,0
6219,Brady,52484.01,0
6220,Macleod,178153.65,0
6221,Berkeley,49915.52,1
6222,Kaur,33747.03,0
6223,Bell,59961.81,0
6224,Nwokike,18613.52,0
6225,Williamson,198894.42,0
6226,Mountgarrett,57014.17,1
6227,Wreford,131729.52,0
6228,Paterson,79169.73,0
6229,Hou,106472.34,0
6230,Smith,17013.54,0
6231,Peng,150661.42,1
6232,Wollstonecraft,86622.56,1
6233,Bolton,115767.93,0
6234,Corrie,141998.89,0
6235,Boyle,182787.17,0
6236,Lambie,187915.7,0
6237,Cartwright,133267.78,0
6238,Lu,137476.09,0
6239,Pisano,77146.14,0
6240,Chukwubuikem,183271.15,0
6241,Harper,26362.4,0
6242,Wilson,153373.71,0
6243,Ch'in,70705.58,0
6244,Streeton,119759.24,0
6245,Ch'ang,42392.24,0
6246,Pennington,34670.62,1
6247,T'ien,82106.19,0
6248,Liu,171774.5,0
6249,Cunningham,149772.61,0
6250,Ch'in,38866.85,0
6251,Smith,35179.18,0
6252,Anderson,41788.37,0
6253,Forbes,17376.57,1
6254,Ansell,199428.19,0
6255,Chiu,16922.28,1
6256,Yevdokimova,178291.89,1
6257,Chamberlin,152290.28,0
6258,Johnston,126809.15,0
6259,McDonald,40385.61,0
6260,Chen,34350.54,0
6261,Cattaneo,199005.88,0
6262,Barclay-Harvey,52629.73,1
6263,Dawson,180012.39,0
6264,Costa,35342.33,0
6265,Chikwado,109291.22,0
6266,Ch'eng,62746.54,0
6267,Harrison,173273.2,1
6268,Crawford,54340.24,0
6269,Gibson,19302.78,0
6270,Martin,10883.52,0
6271,Stokes,17298.72,1
6272,Niu,115779.48,1
6273,Ampt,93228.86,1
6274,Wynn,148704.77,1
6275,Lawrence,150475.14,0
6276,Wagner,40914.32,1
6277,Argyle,38587.7,0
6278,Ofodile,171260.66,0
6279,Chiemenam,94187.47,1
6280,Akobundu,145900.89,0
6281,Locke,152298.28,0
6282,Bullen,99828.45,0
6283,Forster,34743.98,0
6284,Smith,121189.3,1
6285,Craig,129660.59,0
6286,Archer,145477.36,0
6287,McWilliams,151822.66,0
6288,Moss,49656.24,0
6289,Townsend,73856.28,1
6290,Brown,116757.0,0
6291,Munson,16319.56,0
6292,T'ien,90273.85,0
6293,Shubin,161344.13,0
6294,Isayeva,121061.89,0
6295,Hung,69531.22,1
6296,Webb,3756.23,0
6297,Scott,114448.13,0
6298,Rahman,144045.08,1
6299,Lori,58781.11,0
6300,Cooke,179227.52,0
6301,Volkova,127332.33,0
6302,Lamb,86642.38,0
6303,Hawes,184178.29,1
6304,Smith,9551.49,0
6305,Swanton,56053.06,0
6306,Mitchell,1118.31,0
6307,Colombo,195732.04,0
6308,Shaw,175070.94,1
6309,Shipp,112331.19,0
6310,Jonathan,43956.83,0
6311,Hernandez,115994.52,0
6312,Green,166682.57,0
6313,Young,99843.98,0
6314,Han,141175.18,1
6315,Highland,175910.95,1
6316,Hamilton,176984.34,0
6317,Yobanna,43480.63,0
6318,Crawford,155047.11,1
6319,Beavers,176137.2,0
6320,Williamson,154843.4,0
6321,Beneventi,8214.46,0
6322,Chidumaga,147075.69,0
6323,Mitchell,116495.55,0
6324,Chibugo,31165.06,1
6325,Hyde,192127.22,1
6326,Alekseeva,137491.23,0
6327,Abdulov,186841.71,0
6328,Buckley,86776.38,0
6329,Howard,72073.72,0
6330,Peel,10662.58,0
6331,Herz,91001.02,0
6332,Holden,20555.21,0
6333,McLean,123164.97,0
6334,Findlay,143463.28,0
6335,Wyatt,92131.54,0
6336,Rapuluolisa,77178.42,0
6337,Buckland,193650.16,0
6338,Hargreaves,52861.89,0
6339,Onyeoruru,35896.75,0
6340,Salas,149418.41,0
6341,Laney,46253.65,0
6342,Fu,86609.37,0
6343,Tien,91943.94,1
6344,Sazonova,128892.36,0
6345,Tuan,44830.71,0
6346,Wei,84508.44,1
6347,Bergamaschi,84760.7,0
6348,Taylor,147661.47,0
6349,Messersmith,82393.08,0
6350,Coles,135995.58,0
6351,Brookes,159800.16,0
6352,Reid,14379.01,0
6353,Etheridge,74322.85,0
6354,Jolly,189016.24,1
6355,Chizoba,136435.75,0
6356,Eberegbulam,78488.39,0
6357,Pagnotto,113695.99,0
6358,Lucchesi,54628.11,0
6359,Hughes,150835.21,1
6360,Panicucci,158891.79,0
6361,Burns,160523.33,0
6362,Ricci,180595.02,0
6363,Lambert,16618.76,0
6364,Esposito,79919.97,0
6365,Benson,186489.14,1
6366,Botts,51999.5,0
6367,Parkes,121299.14,0
6368,Mai,144593.3,1
6369,Castiglione,178752.73,0
6370,Manna,94148.3,0
6371,Lin,77414.45,0
6372,Fink,63236.97,0
6373,Baresi,108645.85,0
6374,Morehead,95153.24,0
6375,Afamefuna,136079.64,1
6376,Greco,98273.01,1
6377,Balashova,113505.93,1
6378,Bogdanov,52525.15,1
6379,Lowe,194617.98,0
6380,Ponce,152541.89,1
6381,Trevisano,142903.44,0
6382,Gardner,182257.61,0
6383,Lorenzo,135431.72,0
6384,Palmer,175697.87,0
6385,Zuyeva,59061.25,0
6386,Jen,131283.6,1
6387,Alekseeva,152499.8,0
6388,Manfrin,15523.09,1
6389,Chiemenam,186418.85,0
6390,Chiemenam,32262.28,0
6391,Clark,128052.29,0
6392,Fanucci,181419.29,0
6393,Cattaneo,109783.29,0
6394,Udinesi,181879.56,0
6395,Bentley,74260.16,0
6396,Holmes,49865.04,0
6397,Austin,103608.06,0
6398,Mackenzie,167564.82,0
6399,Booth,41816.49,1
6400,Collier,179066.58,0
6401,Hs?,109184.24,0
6402,Oluchukwu,199841.32,0
6403,Sung,83617.17,1
6404,Marino,84863.85,1
6405,Vinogradov,114775.53,0
6406,Burns,103557.93,0
6407,Fanucci,85028.36,1
6408,Chukwujamuike,153064.87,0
6409,Flynn,38784.42,0
6410,Chao,186526.12,0
6411,Yeh,28789.94,0
6412,Klein,45038.29,1
6413,Mahmood,150245.81,0
6414,Tu,57762.0,0
6415,Shcherbakov,4292.72,0
6416,Zetticci,173365.89,0
6417,Carr,119484.01,0
6418,Browne,121821.16,0
6419,Feng,151733.43,0
6420,Ferguson,53784.22,0
6421,Shaw,62733.05,0
6422,Palermo,17671.78,0
6423,Moore,188905.43,0
6424,Huang,113079.19,1
6425,Gray,83997.79,0
6426,Sokolova,125424.42,0
6427,Henderson,143194.05,0
6428,Mosley,93132.61,1
6429,Nnaemeka,76038.38,0
6430,Everett,168658.3,0
6431,Goddard,108419.41,0
6432,Kuo,171657.57,0
6433,Bianchi,22357.25,0
6434,Rouse,193903.06,0
6435,Nwoye,141926.43,0
6436,Greco,104079.62,0
6437,Fang,93832.33,0
6438,Chiemenam,1568.91,0
6439,Artemiev,60778.11,1
6440,Burrows,16119.96,1
6441,Chizuoke,60375.18,0
6442,T'ien,187946.55,0
6443,Rogova,195563.99,0
6444,Trevisano,38196.24,0
6445,Sagese,179435.21,0
6446,Artyomova,93208.22,0
6447,Long,61531.86,0
6448,Hsueh,92826.35,0
6449,White,23140.28,1
6450,Lazarev,74287.53,0
6451,Benjamin,101102.39,0
6452,Wan,126933.73,0
6453,Romano,68408.74,0
6454,Craig,155356.34,0
6455,Yermolayeva,3234.8,0
6456,Tseng,195209.4,0
6457,Tseng,169149.38,0
6458,Le Hunte,68075.14,0
6459,Blake,93707.8,0
6460,Lane,156153.27,0
6461,Sparks,58601.61,0
6462,Tu,114448.77,0
6463,Tochukwu,126551.65,0
6464,Whittaker,112350.21,1
6465,Wang,185808.7,0
6466,Northern,118235.52,1
6467,Humphries,183051.6,1
6468,Cremonesi,27922.45,0
6469,Ku,196476.19,0
6470,Tobenna,190429.52,0
6471,Okwuadigbo,35034.15,0
6472,Johnston,66389.43,1
6473,Li,107615.43,0
6474,Talbot,99692.65,0
6475,Tu,88729.22,1
6476,T'ien,173321.65,0
6477,Ross,139463.57,0
6478,Maclean,3769.71,0
6479,Wan,149946.43,1
6480,Tsou,135768.25,0
6481,Jack,31708.53,0
6482,Lucchesi,151677.31,0
6483,Ch'eng,170518.83,0
6484,Saunders,196582.19,0
6485,Glover,3298.65,0
6486,Tung,162878.96,0
6487,Padovano,64014.24,0
6488,Johnstone,26257.01,0
6489,Endrizzi,126794.56,0
6490,Secombe,164162.44,0
6491,Elewechi,179206.92,0
6492,Chu,18254.75,0
6493,Lucciano,83949.68,0
6494,Pinto,22684.78,0
6495,McGregor,7953.62,1
6496,Ugorji,143952.24,1
6497,Bancks,158032.5,1
6498,Warlow-Davies,199104.52,0
6499,Dale,87566.97,0
6500,Buckley,170563.73,0
6501,Nkemjika,157871.55,0
6502,Fairley,93203.43,0
6503,Boothby,54398.56,0
6504,Chukwuhaenye,168779.47,0
6505,Lock,1140.02,1
6506,Clarke,186476.91,1
6507,Ramsey,29023.03,0
6508,Eipper,60021.34,1
6509,Ko,180456.8,0
6510,Munro,132498.39,1
6511,McGregor,109608.81,1
6512,Henderson,98570.01,0
6513,Fernandez,160546.58,0
6514,Porter,6139.74,0
6515,Pan,6930.17,0
6516,Esposito,10674.62,0
6517,Kaeppel,71159.84,0
6518,Lamb,62413.01,1
6519,Lei,166386.22,1
6520,Conti,133086.45,0
6521,Hargreaves,192933.37,0
6522,Yermolayev,71359.78,0
6523,Kerr,79270.02,0
6524,Waters,29583.48,1
6525,Onyeorulu,88680.65,0
6526,Kolesnikova,134691.2,0
6527,Kazakova,75574.48,0
6528,MacDonald,30252.3,0
6529,Sharwood,111324.41,0
6530,Bufkin,105425.18,0
6531,Nwankwo,36193.07,0
6532,Boniwell,93081.87,0
6533,Willis,107625.46,0
6534,Burns,152733.89,0
6535,Kung,110421.31,0
6536,Howells,48486.25,0
6537,Bevan,72993.67,0
6538,Neitenstein,25744.13,1
6539,Johnson,46807.62,1
6540,Sandover,26772.04,0
6541,Nnamutaezinwa,150057.2,0
6542,Sinclair,56028.79,0
6543,Wei,147693.92,0
6544,Higgins,174032.0,0
6545,Chang,153698.65,0
6546,Henderson,108301.45,0
6547,Cox,22929.08,0
6548,Tsui,102665.92,0
6549,Lee,56139.09,0
6550,Sergeyeva,88391.29,1
6551,Napolitani,149195.44,0
6552,Beatham,143357.03,0
6553,Lu,168359.98,1
6554,Yashina,77335.75,0
6555,Bales,93148.93,0
6556,Hill,36687.11,1
6557,Ibeamaka,146703.36,0
6558,Romilly,115927.85,0
6559,Hayes,104189.46,0
6560,Chiu,9902.39,0
6561,Sun,16645.77,1
6562,Brennan,180134.88,1
6563,Storey,148098.95,0
6564,Lawson,38798.79,1
6565,T'ao,153295.0,0
6566,Yao,100687.67,0
6567,Bracewell,111442.71,1
6568,Kerr,136902.01,0
6569,Blake,105732.9,1
6570,Sanders,35884.91,0
6571,Torkelson,73489.15,1
6572,Hsueh,110114.19,0
6573,Wang,40145.28,0
6574,Hightower,146398.51,0
6575,Genovesi,160526.36,1
6576,Levan,173516.71,0
6577,Lai,88396.6,0
6578,Loginov,185821.41,0
6579,Lafleur,108098.28,0
6580,Obidimkpa,162267.91,0
6581,Ch'ang,193135.25,1
6582,Mason,168034.9,0
6583,Miranda,163295.87,0
6584,Simon,159553.27,0
6585,Golubeva,99800.87,0
6586,Manfrin,40250.82,0
6587,Stange,83335.78,0
6588,Ferrari,48382.4,0
6589,Taylor,165990.44,0
6590,Wei,9002.8,0
6591,Ch'eng,188156.34,0
6592,Parsons,186785.01,0
6593,Pan,184259.6,0
6594,Cameron,57817.84,1
6595,Igwebuike,144660.42,0
6596,Tuan,163112.9,1
6597,Fraser,136301.1,0
6598,Turnbull,36176.63,0
6599,Chiazagomekpere,65769.3,1
6600,Yudina,174123.16,1
6601,Udinese,161304.68,1
6602,Chinweike,109394.62,0
6603,Bergamaschi,190155.13,0
6604,Milliner,61450.96,0
6605,Knowles,8673.43,0
6606,Swinton,125912.77,0
6607,Gregory,151349.35,0
6608,Chibueze,67972.45,0
6609,Sukhorukova,71139.31,0
6610,French,86350.97,0
6611,Estrada,118648.12,0
6612,Fleming,100995.11,0
6613,Kennedy,147100.72,0
6614,Combes,155495.63,0
6615,Carruthers,196875.87,0
6616,Andrejew,63176.77,0
6617,Ko,105221.76,0
6618,Daniels,131924.38,0
6619,Toscano,23132.73,0
6620,Wilson,161428.25,0
6621,Thomson,181794.86,1
6622,Kazantseva,86634.3,0
6623,Cremonesi,29937.75,0
6624,Ferri,140130.22,0
6625,Ferri,17536.82,0
6626,Lombardi,53157.16,0
6627,Eluemuno,143585.29,1
6628,Chiganu,72402.0,0
6629,Hsueh,39891.84,0
6630,O'Brien,89804.83,0
6631,Booth,136491.72,0
6632,O'Loghlin,35593.18,0
6633,Lavrov,58268.2,1
6634,Somadina,101778.9,0
6635,Colombo,185123.09,0
6636,Troupe,119927.81,0
6637,Kenenna,195033.07,0
6638,Franklin,86480.29,0
6639,Deleon,198766.61,0
6640,Kung,185144.08,0
6641,Zito,3729.89,0
6642,Giordano,18988.58,0
6643,Davide,119313.74,0
6644,Lei,62627.55,0
6645,Moss,197266.58,0
6646,Lucciano,199992.48,0
6647,Tai,16403.41,0
6648,Osinachi,78854.57,0
6649,Coates,189310.27,0
6650,Larionova,78088.17,0
6651,Seleznev,19842.18,0
6652,Butcher,103305.01,0
6653,Gould,116124.28,0
6654,Cunningham,142730.27,0
6655,Sanderson,58076.52,0
6656,Mai,186123.57,0
6657,Reid,29664.45,0
6658,Downer,147963.07,1
6659,Humphries,38466.39,0
6660,Bochsa,143301.49,0
6661,Czajkowski,31422.69,0
6662,Pankhurst,121505.61,0
6663,She,89874.82,0
6664,Birdseye,72500.68,0
6665,Hope,182692.8,0
6666,Gill,4993.94,0
6667,Moon,124964.82,0
6668,Watt,161971.42,0
6669,Chinomso,39488.04,1
6670,Bellucci,55313.44,0
6671,Barese,187811.71,0
6672,Fleming,184514.01,0
6673,Bell,121311.12,0
6674,Li Fonti,12873.39,0
6675,Christmas,157238.05,0
6676,Chuter,123242.11,0
6677,Johnson,184399.76,0
6678,Scott,57323.18,0
6679,Byrne,68293.93,0
6680,Chukwudi,10288.24,0
6681,Ma,179446.31,0
6682,Simmons,141453.62,0
6683,Fang,93151.77,0
6684,Blake,6554.97,1
6685,Tien,38570.13,0
6686,Yusupova,131048.36,0
6687,Davidson,127068.92,0
6688,Zhdanova,51721.52,0
6689,Nielson,46156.87,0
6690,Niu,192950.6,0
6691,Kay,180932.46,0
6692,Green,19596.73,0
6693,She,46786.92,0
6694,Ajuluchukwu,175820.91,0
6695,Sabbatini,198208.0,0
6696,Board,55362.45,0
6697,Leckie,47675.29,0
6698,Ho,61326.43,0
6699,Gordon,71672.86,0
6700,Iroawuchi,101168.3,0
6701,Liao,144880.81,0
6702,Hamilton,115037.67,1
6703,Chimaobim,187280.51,1
6704,Fan,183540.22,1
6705,Cayley,28531.81,0
6706,Kuykendall,42730.12,0
6707,McDonald,104721.5,1
6708,Duncan,65219.85,0
6709,Browne,118929.64,1
6710,Barton,70563.9,0
6711,Boyle,139435.12,0
6712,Moretti,170347.1,0
6713,Ukaegbulam,131553.82,1
6714,Nwankwo,138344.7,0
6715,Niu,169894.4,0
6716,Hsu,9770.97,0
6717,Shaw,74176.71,1
6718,Ho,112668.06,0
6719,Christie,186275.7,0
6720,Onwuemelie,98463.99,0
6721,Ch'ang,2746.41,0
6722,Clendinnen,10928.3,0
6723,Onyemauchechi,91346.03,0
6724,Crawford,139844.04,1
6725,Mellor,105052.9,0
6726,Rizzo,144366.83,1
6727,Christie,19605.18,1
6728,Watkins,80483.76,0
6729,Ojiofor,154344.0,1
6730,Tung,93503.02,0
6731,McKay,153036.97,0
6732,Meng,98029.58,0
6733,Hussain,193018.71,0
6734,Mactier,60810.64,1
6735,Hsueh,87071.18,1
6736,Nnachetam,164064.44,1
6737,Barnes,4554.67,0
6738,Christie,119924.8,0
6739,Lipton,170360.11,0
6740,Yu,69850.04,0
6741,Storey,47298.95,0
6742,Read,45443.68,0
6743,Levy,198715.27,1
6744,Chiu,115611.97,0
6745,Moore,40333.94,0
6746,Amies,105997.25,0
6747,Tsao,134851.12,0
6748,Rowley,61666.87,0
6749,Aliyev,196574.48,0
6750,Riley,111097.39,1
6751,Toscano,48201.64,1
6752,Oluchukwu,135096.78,0
6753,Fu,15650.89,0
6754,Warner,34097.22,0
6755,Fleming,174822.74,0
6756,Ch'iu,85937.52,1
6757,Langler,49185.57,0
6758,Angelo,77742.38,0
6759,T'ien,34436.83,0
6760,Milani,88279.6,0
6761,Pye,157549.6,0
6762,Asher,173386.95,0
6763,Chung,82782.08,0
6764,Yudin,187758.5,0
6765,Arcuri,176547.8,0
6766,Capon,56585.2,1
6767,Piccio,125762.95,0
6768,Lung,113868.4,0
6769,Trevisan,24780.13,0
6770,John,120259.41,0
6771,Anayolisa,175398.34,0
6772,Ritchie,86767.48,0
6773,Ch'eng,71216.6,0
6774,Macleod,85240.61,1
6775,Boyle,160529.71,1
6776,Chukwuemeka,102806.6,0
6777,Bryant,144134.64,0
6778,Hackett,184017.98,0
6779,Kovaleva,195896.59,1
6780,Reed,126722.57,0
6781,Major,176883.42,0
6782,Lo,122960.98,1
6783,Hanson,9607.1,0
6784,Ogbonnaya,152643.48,0
6785,Windsor,95551.22,0
6786,Calabrese,141860.62,0
6787,Keating,76642.68,0
6788,Costa,52301.15,0
6789,Tan,29388.02,0
6790,Ma,193408.43,0
6791,Martin,58632.37,0
6792,Halpern,191076.22,0
6793,Nyhan,645.61,1
6794,Jackson,144390.75,0
6795,Reynolds,193580.32,0
6796,Tai,126761.2,0
6797,Trevisani,62368.33,0
6798,Uwakwe,131718.12,0
6799,Kerr,91098.76,1
6800,Findlay,67508.01,0
6801,Ugorji,12156.93,1
6802,Balashova,65089.38,0
6803,Cheng,62370.67,1
6804,Martin,18826.34,0
6805,Skinner,3342.62,0
6806,McDonald,178626.07,0
6807,Dellucci,32845.32,0
6808,Reynolds,134732.99,0
6809,Birdsall,106095.82,0
6810,Tsai,57380.13,0
6811,Oguejiofor,25951.91,0
6812,Mackie,69414.13,1
6813,Jamieson,96123.72,0
6814,Mai,119425.94,0
6815,Patterson,120138.27,0
6816,Taylor,150548.5,1
6817,Vinogradoff,142492.04,1
6818,North,14357.0,0
6819,Carter,129569.92,0
6820,Graham,55972.56,0
6821,Noble,59497.01,1
6822,Walker,181928.25,0
6823,Chibugo,102517.83,1
6824,Yobachi,88827.67,0
6825,Ignatyeva,14161.3,0
6826,Chiemela,56908.41,0
6827,Pokrovskaya,184474.72,1
6828,Storey,94912.78,0
6829,Moroney,73069.59,0
6830,Maslov,136602.8,0
6831,Chukwueloka,150093.32,1
6832,Chu,168186.11,0
6833,Spence,146230.63,0
6834,Mills,79314.1,0
6835,Doyle,77965.67,0
6836,Donnelly,128745.69,0
6837,Tai,194767.3,0
6838,Abbott,10672.54,0
6839,Perez,10627.21,0
6840,Hsiung,122268.75,0
6841,Cherkasova,65482.94,0
6842,Denisov,146134.68,0
6843,Fowler,123300.38,0
6844,Siciliano,122925.4,0
6845,Crocker,127744.02,0
6846,Longo,118319.5,0
6847,Polyakova,17104.0,0
6848,Brown,164608.98,0
6849,Uspensky,152108.47,0
6850,O'Meara,23399.58,0
6851,Cantamessa,94711.43,0
6852,Alexander,7312.25,1
6853,Chinagorom,41876.98,0
6854,Tomlinson,96881.32,0
6855,Lo,102402.91,1
6856,Nwachukwu,176763.27,0
6857,Yang,23548.45,1
6858,Bage,33450.11,0
6859,Marcelo,19658.43,0
6860,Ofodile,104678.78,1
6861,Savage,143203.78,0
6862,Piccio,6975.02,0
6863,Simmons,153771.8,0
6864,DeRose,85902.39,1
6865,Onuchukwu,188037.76,0
6866,Goodwin,52710.7,0
6867,Teakle,17034.37,0
6868,Thomson,131304.45,0
6869,Cross,172576.43,1
6870,Jones,99019.65,0
6871,Walker,190160.04,1
6872,De Salis,3025.49,0
6873,Oliver,34689.77,0
6874,Lo Duca,2305.27,0
6875,Brookes,113228.82,1
6876,Challis,171099.22,0
6877,Ibeabuchi,62023.1,0
6878,Iroawuchi,36923.67,1
6879,Tyler,112256.57,0
6880,Fan,198830.98,0
6881,Bates,197963.46,0
6882,Marsden,31635.99,0
6883,Dodgshun,49594.02,0
6884,Maclean,170483.9,0
6885,Blackall,40339.9,0
6886,Mazzanti,3218.71,0
6887,Amadi,68569.89,0
6888,Schoenheimer,29176.04,0
6889,Fiorentino,46758.42,0
6890,Murray,171060.01,1
6891,Fan,93550.53,1
6892,Cartwright,89405.26,1
6893,Cremonesi,169804.4,0
6894,White,83253.05,0
6895,Sabbatini,195813.81,1
6896,Patterson,121568.37,0
6897,Bromley,92144.09,1
6898,Doherty,126307.25,0
6899,Ifeatu,130784.2,1
6900,Bergamaschi,166694.93,0
6901,Shubina,44001.11,0
6902,Lung,185992.36,0
6903,Kinder,178997.89,0
6904,Terry,141558.04,0
6905,Shepherdson,47921.22,0
6906,Short,104902.68,0
6907,Zetticci,68479.6,0
6908,Belov,1271.51,0
6909,Knight,29346.1,0
6910,Burson,184118.73,0
6911,Nicholls,96013.5,1
6912,Hs?eh,103713.93,1
6913,Ku,46632.87,1
6914,T'ien,135334.24,0
6915,H?,13482.28,0
6916,Vasilieva,130075.07,0
6917,Omeokachie,143544.48,0
6918,Napolitano,187826.11,0
6919,Hopwood,167058.75,0
6920,Bergamaschi,79928.41,0
6921,Lindeman,6075.36,0
6922,McKinley,43821.56,0
6923,Sergeyev,32125.98,0
6924,Sanchez,141679.73,0
6925,Muomelu,84133.48,0
6926,Murray,9692.58,0
6927,Ibekwe,20708.6,0
6928,McVey,85644.06,1
6929,White,107674.3,1
6930,Patterson,134822.05,0
6931,Mai,4606.97,0
6932,Han,51362.82,0
6933,Davidson,39704.14,0
6934,Parkin,195638.13,0
6935,McKissick,86413.11,0
6936,Horsfall,116385.24,0
6937,Clapp,182076.97,0
6938,Azikiwe,67879.8,0
6939,Zubarev,11417.26,0
6940,Pisano,65998.26,0
6941,Coates,114774.35,0
6942,Trentino,126153.24,0
6943,MacDonnell,176091.31,0
6944,Ermakov,87352.43,0
6945,K?,107074.81,0
6946,Hammonds,69157.93,0
6947,Peppin,149970.59,0
6948,Ball,153288.97,1
6949,Yeh,147700.78,0
6950,L?,188657.97,0
6951,Shih,103764.55,1
6952,Greco,140934.57,0
6953,Napolitano,15118.2,0
6954,Zaytseva,63202.0,0
6955,Genovesi,16081.62,0
6956,Angelo,523.0,0
6957,Waters,181757.19,0
6958,Maclean,1173.23,0
6959,Seleznyova,86587.37,0
6960,Fontenot,109545.56,0
6961,Reid,174431.01,0
6962,Fraser,119368.99,0
6963,Tuan,23315.59,0
6964,Howarth,67539.85,1
6965,Davis,185201.58,0
6966,Gorbunov,131827.15,0
6967,Gentry,10842.46,0
6968,Chiu,23768.01,0
6969,Sunderland,117616.29,0
6970,Fan,174027.3,0
6971,Parry,115091.38,0
6972,Niu,106340.66,1
6973,Zuyev,198103.32,0
6974,Ijendu,175314.87,0
6975,Bird,150679.65,0
6976,Palmer,110043.88,0
6977,Y?,194890.33,0
6978,Nicholson,112366.98,0
6979,Adams,167289.82,0
6980,Cocci,182099.71,0
6981,Kuo,49373.97,1
6982,Trevisani,861.4,0
6983,Kuo,81718.37,0
6984,H?,49324.03,1
6985,Thomson,9751.03,0
6986,Knorr,78899.22,0
6987,Manfrin,13889.73,0
6988,Hayes,11467.38,0
6989,Shao,130789.15,0
6990,Sinclair,108665.89,0
6991,Bradshaw,160303.08,1
6992,Castiglione,115287.99,1
6993,Hurst,139094.12,0
6994,Adamson,20515.72,0
6995,James,36642.65,0
6996,Pavlova,104382.11,0
6997,Davey,146448.01,0
6998,Barrett,166650.9,1
6999,Dolgorukova,164223.7,1
7000,Johnson,149331.01,0
7001,Manna,73066.72,0
7002,Hou,15378.23,0
7003,Okeke,53072.49,1
7004,Kodilinyechukwu,3159.15,0
7005,Esposito,125920.54,0
7006,Boyle,124113.04,0
7007,Hsiung,93716.38,0
7008,Kennedy,155799.86,1
7009,Norton,8814.69,0
7010,Zakharov,164453.98,0
7011,Chimaraoke,87803.32,0
7012,Small,183617.32,0
7013,McGregor,53584.03,0
7014,Brown,1950.93,0
7015,Frederickson,175025.27,0
7016,Wood,13018.96,0
7017,Smith,42537.59,1
7018,Harris,62989.82,1
7019,Hall,71692.8,0
7020,Pickworth,823.96,0
7021,Porter,169469.3,0
7022,Storey,150159.95,1
7023,Li,32063.3,0
7024,McGill,68794.15,0
7025,Sinclair,75084.96,1
7026,Horton,114685.92,0
7027,Sal,143665.44,0
7028,Murray,51099.56,0
7029,Giles,5408.74,1
7030,Brown,103006.27,0
7031,Okechukwu,44147.95,1
7032,White,149278.96,0
7033,Kirillova,193009.21,0
7034,Lawson,74898.8,1
7035,Sarratt,116253.1,0
7036,Hay,19374.08,0
7037,Lin,64516.8,1
7038,Ozerova,34475.14,0
7039,Lambert,57061.71,0
7040,Bulgakov,32301.88,0
7041,He,136859.55,0
7042,Uchechukwu,69244.24,0
7043,Robertson,156309.52,0
7044,Leworthy,4989.33,0
7045,Onyemachukwu,190194.95,0
7046,Rivero,3529.72,0
7047,Lai,81778.72,0
7048,Feng,39297.48,0
7049,Hornung,176614.86,1
7050,Schiavone,108684.65,0
7051,Barnet,145764.4,0
7052,Dennys,42135.28,0
7053,Ritchie,16929.41,1
7054,Lo,104393.78,0
7055,Yuriev,192717.57,0
7056,Howarth,59650.42,0
7057,Gibson,63729.72,0
7058,Zikoranachidimma,73679.59,1
7059,Mason,174969.92,0
7060,Rizzo,1703.58,0
7061,Thomson,163181.62,0
7062,Ignatyev,52319.26,0
7063,Ferguson,51672.08,0
7064,Woods,145355.11,0
7065,Sung,51711.57,0
7066,Lo,149535.97,0
7067,Burn,94105.0,0
7068,Russell,155905.79,1
7069,Jen,138380.11,0
7070,Lo Duca,97734.3,0
7071,Oluchi,173576.71,0
7072,Yao,27596.39,0
7073,Gould,16897.19,0
7074,Salter,36895.99,0
7075,Warner,113046.81,0
7076,Salier,129933.5,0
7077,Lazar,133091.32,0
7078,Onyenachiya,106282.74,0
7079,Findlay,57862.88,0
7080,Gibbons,12628.61,1
7081,McCawley,198914.8,0
7082,Taylor,109127.54,0
7083,Yang,22487.45,0
7084,Okwudiliolisa,46791.09,1
7085,Napolitano,158697.28,0
7086,Vavilov,194138.36,0
7087,Teague,35177.31,0
7088,Chiemenam,157015.5,1
7089,Hughes,136551.25,0
7090,Cattaneo,96517.97,0
7091,Davis,93629.66,1
7092,Nekrasova,96097.65,0
7093,Loggia,156476.36,1
7094,Combes,42964.63,0
7095,Onwuka,122021.33,1
7096,Kharlamov,56311.39,1
7097,Scott,150685.52,0
7098,Lettiere,177740.58,1
7099,Osonduagwuike,71492.28,0
7100,Wan,104492.83,0
7101,Donaldson,47729.33,0
7102,Chukwufumnanya,97593.16,0
7103,Ma,186869.58,1
7104,Alexander,135227.23,0
7105,Nkemjika,135244.87,0
7106,Carroll,179473.26,0
7107,Obioma,50610.62,0
7108,Campbell,75232.02,0
7109,Sims,89205.54,0
7110,McKay,61761.77,0
7111,Huang,103921.43,0
7112,Campbell,198802.9,0
7113,Boni,9617.24,0
7114,Gorbunova,187905.12,0
7115,Genovese,121440.8,0
7116,Landor,36292.94,1
7117,Meng,20432.09,1
7118,Wardell,187051.23,0
7119,Williams,148689.13,0
7120,Ofodile,125445.8,0
7121,Clark,22736.06,0
7122,Lo,54947.51,0
7123,Chukwuemeka,167984.72,0
7124,Lai,4802.27,0
7125,Arcuri,72909.75,0
7126,Graham,185488.81,0
7127,Krylov,88407.51,0
7128,Henry,184544.59,0
7129,Jamieson,136539.13,0
7130,Moore,85045.92,0
7131,Tan,85421.48,0
7132,Thornton,119903.2,1
7133,Macleod,138780.89,0
7134,Rizzo,14789.9,0
7135,Chukwukadibia,131964.66,0
7136,Ts'ai,178709.98,1
7137,Lu,20344.84,0
7138,Kent,172852.06,1
7139,Black,103945.58,0
7140,Chukwubuikem,183656.12,0
7141,McMillan,10333.78,0
7142,Ngozichukwuka,122109.58,1
7143,Y?an,125041.52,0
7144,Sung,140003.0,1
7145,Macartney,183171.47,0
7146,Ali,61128.29,0
7147,Morley,52462.25,0
7148,Martin,50839.85,0
7149,Okorie,61240.87,0
7150,Ku,127429.56,0
7151,Andreyeva,68343.08,0
7152,Cheng,126511.94,1
7153,Hsia,8559.66,0
7154,Lane,147822.81,0
7155,Findlay,39288.11,1
7156,Okonkwo,85179.48,0
7157,Pirogova,190019.61,0
7158,McDonald,96405.88,1
7159,Okonkwo,83342.73,1
7160,Nnanna,161333.13,0
7161,Ku,81292.33,0
7162,Porter,177747.72,0
7163,Somayina,187980.21,0
7164,Mao,177235.21,0
7165,Fuller,29835.37,1
7166,Craig,80204.38,0
7167,Trevisano,189268.81,0
7168,Ruiz,85411.01,0
7169,Fraser,154360.97,0
7170,Gallo,84460.18,0
7171,Waterhouse,65618.01,0
7172,Cremonesi,112928.74,0
7173,Feng,142210.94,0
7174,H?,82559.77,0
7175,Jara,127388.06,0
7176,Wilson,10160.23,0
7177,O'Callaghan,64242.31,0
7178,Robson,198355.28,0
7179,Pease,79323.61,0
7180,Maclean,24113.91,0
7181,Lavrentyev,41921.06,1
7182,Rhodes,107472.99,0
7183,Murphy,143859.66,0
7184,Alexander,104120.17,0
7185,Nekrasov,79792.3,0
7186,Arnold,154639.72,0
7187,Trevisan,57850.1,0
7188,Mason,62868.33,0
7189,Tucker,92357.21,0
7190,Hobson,161083.53,0
7191,Gordon,91429.74,0
7192,Anderson,117031.2,0
7193,Terry,44857.4,0
7194,Lappin,36483.52,0
7195,Santiago,34045.61,0
7196,Wallace,59981.62,0
7197,King,152944.39,0
7198,Fang,66979.06,0
7199,May,28797.32,0
7200,Travis,51670.82,0
7201,Nnachetam,41865.72,1
7202,Zhdanova,96015.53,0
7203,Jefferson,103914.4,0
7204,Cremonesi,89199.51,0
7205,Fang,48849.89,0
7206,Sinclair,197444.69,0
7207,Begley,145160.96,0
7208,Degtyarev,52309.8,0
7209,Atkins,50695.93,1
7210,Ikenna,157891.11,0
7211,Sun,181850.74,0
7212,Lettiere,51345.39,1
7213,Smith,137519.92,1
7214,Finch,49653.37,0
7215,Monaldo,55867.38,0
7216,Ugonna,172749.4,1
7217,Chiang,90607.31,0
7218,Sun,130861.95,0
7219,Blackburn,5558.47,1
7220,Chang,121537.91,0
7221,Palermo,57128.78,0
7222,McEwan,19409.77,0
7223,Davide,88604.89,1
7224,Chieloka,479.54,0
7225,Humphreys,173837.54,0
7226,Cocci,487.3,0
7227,Hanson,35600.25,1
7228,Macleod,166929.43,1
7229,Ritchie,98998.61,0
7230,Nebechukwu,54229.74,0
7231,Nnamutaezinwa,105720.09,0
7232,Ikemefuna,121151.46,0
7233,Scott,154844.22,0
7234,Chiang,18785.48,0
7235,Artyomova,64771.61,0
7236,Hsieh,16250.61,0
7237,Levien,131093.99,0
7238,Erskine,129188.18,1
7239,Fiorentino,47428.73,1
7240,Okonkwo,132973.21,0
7241,Monds,84908.2,0
7242,Campbell,57338.56,1
7243,Ibekwe,161579.85,0
7244,Marcelo,122625.68,0
7245,Castro,52909.87,0
7246,Capon,170226.47,0
7247,Voronova,191757.65,1
7248,Loggia,66652.75,1
7249,Law,195977.75,0
7250,Grant,69056.26,0
7251,Greco,12920.43,0
7252,Dietz,138552.74,0
7253,Martel,22832.71,1
7254,Jarvis,61811.1,0
7255,Meng,191604.27,1
7256,Hay,25445.0,0
7257,Voronoff,129964.56,1
7258,Trevascus,6209.51,1
7259,Ho,134794.02,0
7260,Hansen,57549.65,0
7261,Craig,28367.21,0
7262,Hall,51703.09,0
7263,Sun,66602.7,0
7264,Durant,2739.71,0
7265,Jackson,69227.42,0
7266,Chigozie,31445.03,1
7267,Farmer,150037.19,0
7268,Douglas,111448.92,0
7269,Ardis,51226.32,1
7270,Smith,53581.14,0
7271,Butler,149697.78,0
7272,Pettry,160348.31,0
7273,John,154641.91,0
7274,Potter,104331.76,0
7275,Shaw,135630.32,0
7276,Boyle,65361.66,0
7277,Elmore,56176.31,0
7278,Udinesi,60059.47,0
7279,Sun,51364.56,0
7280,Tuan,118752.6,0
7281,Lawrence,116848.79,1
7282,Burrows,45026.23,1
7283,Shao,189657.26,0
7284,White,57213.46,0
7285,Chialuka,63687.06,0
7286,Toscano,58761.33,0
7287,McKay,14187.78,0
7288,Voronkov,145115.95,0
7289,Sal,187718.26,0
7290,Ikechukwu,27150.35,0
7291,Kruglova,111622.76,1
7292,Clements,27244.35,0
7293,Kennedy,57029.66,0
7294,Johnson,25183.01,0
7295,Chung,129980.93,0
7296,Garland,118716.63,0
7297,Docherty,20134.07,0
7298,Nnaife,190208.23,0
7299,Lettiere,68021.9,0
7300,Sanderson,110881.56,0
7301,Fomin,132480.75,0
7302,Wright,7032.95,0
7303,Buckley,27862.58,0
7304,Pan,87008.17,0
7305,Manna,27411.19,0
7306,Chinwendu,46395.21,0
7307,Ndubuagha,194245.29,0
7308,White,151317.27,1
7309,Hale,118142.79,0
7310,Ross,138700.75,1
7311,Ikenna,6035.51,0
7312,Nkemdilim,41263.69,0
7313,McMillan,63185.05,0
7314,Duke,92536.0,1
7315,Bradbury,158736.07,0
7316,Bayley,18633.4,1
7317,Bartlett,71830.1,1
7318,Cremin,19525.65,0
7319,Gilchrist,110953.33,0
7320,Shih,4466.21,0
7321,Fitzpatrick,105818.51,0
7322,Pagan,149558.83,1
7323,Hendrick,4070.28,0
7324,Sanderson,132741.13,1
7325,Samsonova,61251.25,0
7326,Azubuike,91347.76,0
7327,Pan,171045.31,1
7328,Massie,155850.4,1
7329,Sandover,27380.99,0
7330,Craig,154208.96,0
7331,Onwudiwe,93624.55,0
7332,Chu,64746.07,0
7333,Zetticci,82815.93,0
7334,Vaguine,27308.58,0
7335,Owen,104876.8,0
7336,Hurst,151316.37,0
7337,Harding,91817.38,1
7338,Smith,125311.17,1
7339,Moore,14868.94,1
7340,Bradley,196112.45,0
7341,Burfitt,24093.4,1
7342,Mackenzie,66263.87,0
7343,Milanesi,100304.13,0
7344,Shubin,167909.52,0
7345,Nieves,16246.59,0
7346,Martin,103603.65,0
7347,Jen,7680.23,0
7348,Woods,95215.73,0
7349,Docherty,148172.94,0
7350,Lin,124382.9,0
7351,Cheng,159311.46,0
7352,Korovina,6787.48,0
7353,Macdonald,197297.77,1
7354,Hardy,21556.95,0
7355,Shaw,56518.0,0
7356,Knight,158840.99,0
7357,Bruny,126396.01,0
7358,Ikedinachukwu,148087.88,1
7359,Moran,33701.5,0
7360,Macleod,84622.37,0
7361,Yin,185580.89,1
7362,Felix,62768.8,0
7363,Rippey,38829.11,0
7364,Mishina,110748.88,0
7365,Graham,54083.8,1
7366,Johnston,88658.73,0
7367,Korovin,177938.52,0
7368,Lei,174235.06,0
7369,Chimaijem,82696.84,0
7370,Scott,142415.97,0
7371,Grant,62811.03,0
7372,McIntyre,25339.29,0
7373,Griffin,176487.05,0
7374,Converse,49833.5,1
7375,Ch'ang,55829.25,0
7376,Coates,155823.2,0
7377,Reid,60622.61,0
7378,Ts'ui,174196.68,0
7379,Belstead,56905.38,0
7380,Dickinson,101178.85,0
7381,Nwora,73857.94,1
7382,Bishop,102325.19,0
7383,Loggia,55356.39,1
7384,Rowe,131284.93,0
7385,Balashov,88080.43,0
7386,Ulyanova,93266.01,0
7387,Bogolyubova,75562.47,0
7388,Remington,153747.73,0
7389,Mishin,163830.64,0
7390,Tu,103456.47,0
7391,Castiglione,95655.16,0
7392,Nnaife,138350.74,0
7393,Yang,31190.42,0
7394,Ayers,167553.06,0
7395,Cocci,59604.45,1
7396,Mackenzie,162223.67,1
7397,Fiorentini,196549.85,1
7398,Akabueze,120373.84,1
7399,Hyde,92149.64,0
7400,Levi,178361.48,1
7401,Nwabugwu,170998.83,0
7402,Chia,77216.48,0
7403,Trevisano,121164.6,1
7404,Bennetts,141841.31,0
7405,Teng,104000.06,0
7406,Hsueh,191419.32,0
7407,Mahmood,28188.96,0
7408,Sinclair,60407.93,0
7409,Chin,130489.37,0
7410,She,193040.32,0
7411,He,109742.8,0
7412,Hill,74760.32,0
7413,Vachon,61936.1,0
7414,Ball,78650.95,0
7415,Hsieh,168023.6,0
7416,Baker,5571.59,0
7417,Monaldo,118591.67,0
7418,Lucchesi,7824.31,0
7419,Hamilton,38153.19,0
7420,Kuo,180829.99,0
7421,Fan,143960.72,0
7422,Wright,8788.35,0
7423,Milano,103557.85,0
7424,Wall,147168.28,1
7425,Chidumaga,58844.84,1
7426,Olisaemeka,18094.96,1
7427,Kovalyova,162515.17,0
7428,Onio,157921.25,0
7429,Hill,68701.73,0
7430,Okeke,186778.89,0
7431,Upjohn,66561.6,0
7432,H?,64831.36,0
7433,Marcus,6589.16,1
7434,Yobachukwu,165370.66,0
7435,Russell,184758.17,1
7436,Hovell,13911.27,1
7437,Chukwumaobim,34857.46,0
7438,Boyle,156192.43,0
7439,Scott,53874.67,0
7440,Johnstone,100183.05,0
7441,Alvares,4493.12,0
7442,McDavid,130610.78,0
7443,Dellucci,63340.65,0
7444,Brothers,180066.59,0
7445,Sanders,95273.73,1
7446,Morrison,53511.74,0
7447,Molle,109685.61,0
7448,Genovese,75664.56,1
7449,Zetticci,71972.95,0
7450,Hsueh,23702.42,0
7451,Alexander,112572.02,0
7452,Muravyova,62424.46,0
7453,Wright,131238.37,1
7454,Calabresi,184350.78,0
7455,Johnson,13999.64,1
7456,Lucchesi,168152.76,0
7457,Galgano,35640.12,1
7458,Grigoryeva,120088.17,0
7459,Raymond,74346.11,0
7460,Paterson,2955.46,0
7461,Genovese,146504.35,0
7462,Martin,149602.54,0
7463,Moretti,53020.9,0
7464,Leckie,41788.25,1
7465,Lane,74849.46,0
7466,Brodney,134417.31,0
7467,Angelo,75837.58,0
7468,Millar,54869.54,0
7469,Balashov,35356.46,0
7470,Afanasyev,122141.13,0
7471,Chialuka,119439.66,0
7472,Yermolayev,81999.53,0
7473,Tien,120594.85,0
7474,Lucchesi,120770.75,1
7475,Lai,134790.74,0
7476,Bates,100137.7,0
7477,Saunders,158325.87,1
7478,Chukwuemeka,70007.67,0
7479,Meagher,88659.07,0
7480,Golubeva,190889.13,0
7481,Collier,56646.28,0
7482,Chan,32999.1,0
7483,Chen,178235.37,1
7484,Wright,25448.31,0
7485,Cocci,84871.99,0
7486,Williams,157822.54,0
7487,McGuffog,84383.22,1
7488,Chukwujamuike,119216.46,0
7489,Scott,82547.01,0
7490,Bell,86764.46,0
7491,Olisaemeka,197372.13,0
7492,Napolitani,82872.64,1
7493,Sargood,129563.86,0
7494,Harrington,135388.89,0
7495,Sutherland,4497.55,0
7496,Allan,67885.37,0
7497,Folliero,111471.55,0
7498,Mordvinova,134407.93,0
7499,Schofield,108258.22,1
7500,Williams,197528.62,0
7501,Baird,139761.25,0
7502,Whitehouse,136119.96,1
7503,Thompson,197812.16,0
7504,Ogochukwu,51972.92,1
7505,Niu,99341.87,0
7506,Okoli,171345.02,1
7507,Lorenzen,119056.68,1
7508,Okechukwu,172601.62,0
7509,Anderson,104936.88,0
7510,Ku,159044.1,0
7511,Kung,83263.06,0
7512,Lu,130910.78,0
7513,Trevisano,126336.72,0
7514,Onwubiko,27980.8,1
7515,Vidler,47880.71,0
7516,Shen,73882.49,0
7517,McGregor,162960.05,1
7518,Nnamdi,68807.47,0
7519,Castiglione,144039.05,0
7520,Bergamaschi,151192.18,0
7521,Allingham,120225.62,0
7522,Stelzer,56118.81,1
7523,Rubin,130853.03,0
7524,Ho,185156.94,0
7525,Watson,35671.45,0
7526,Perry,59568.24,0
7527,Sun,139911.58,0
7528,Harrell,56770.76,0
7529,Robson,157564.75,0
7530,Wilson,131473.31,0
7531,Kelechi,90424.09,0
7532,Bates,156660.21,0
7533,Eberegbulam,88372.69,1
7534,Olisaemeka,46200.71,0
7535,Davey,160548.12,0
7536,De Luca,1262.83,1
7537,Ho,188639.28,0
7538,Vasiliev,14665.28,0
7539,Smith,156868.21,0
7540,Sung,30461.55,0
7541,White,123885.88,0
7542,Wang,60688.38,0
7543,Davide,21785.91,0
7544,Nnamdi,188135.69,0
7545,Welsh,154364.66,0
7546,Sousa,61312.15,0
7547,Andrews,47454.93,0
7548,Chiawuotu,121102.9,0
7549,Thomson,137419.87,1
7550,Carpenter,157664.02,0
7551,Yefimova,148689.65,0
7552,Ma,39789.62,0
7553,Black,165162.4,0
7554,Obijiaku,137674.55,1
7555,King,101371.72,0
7556,Miller,65066.48,1
7557,Chin,107876.91,0
7558,Cox,111180.3,1
7559,Wallace,115650.63,0
7560,Price,165035.17,0
7561,Yuan,193746.55,0
7562,Mullen,58458.26,0
7563,Howell,52332.85,0
7564,McIntosh,75959.1,1
7565,Clifton,123.07,1
7566,Okwuoma,167066.95,1
7567,Chidiebere,117572.59,1
7568,Fan,7166.71,0
7569,Onyemauchechukwu,137173.39,0
7570,Harker,116442.42,1
7571,Bolton,32421.32,1
7572,Lazarev,104665.79,0
7573,Alexeyeva,44215.86,0
7574,Stevens,20164.47,0
7575,Glover,26691.31,0
7576,Ibekwe,107955.67,0
7577,Paterson,150048.37,0
7578,Marsh,192255.15,0
7579,Reeves,173245.68,0
7580,Rees,121457.88,1
7581,Hanson,104804.74,0
7582,Onwughara,69767.14,0
7583,Odinakachukwu,178373.43,0
7584,Huang,99924.04,0
7585,Trevisani,49594.19,1
7586,Dale,186071.14,0
7587,Pavlova,77511.45,0
7588,Meng,54816.57,0
7589,Dean,61290.99,0
7590,Chiganu,191821.35,1
7591,Lung,156768.45,0
7592,Donaldson,73731.32,0
7593,Li Fonti,122190.22,0
7594,Izmailova,123509.01,0
7595,Walker,8199.5,0
7596,Nnonso,14113.11,0
7597,Stevenson,51705.01,0
7598,Schnaars,161937.62,1
7599,Geoghegan,120892.96,1
7600,Ilyina,65035.02,0
7601,Muir,164257.37,0
7602,Gardener,51987.99,0
7603,Chidi,10899.63,1
7604,Fu,177355.8,1
7605,Sun,63889.1,0
7606,Ting,176433.6,0
7607,Ashton,81313.51,0
7608,Uwakwe,13998.88,0
7609,Vassiliev,5771.56,0
7610,Kazakova,42693.65,0
7611,Perry,90839.61,0
7612,Howell,54144.01,0
7613,Ricci,184312.88,0
7614,Smith,20306.79,0
7615,Rossi,128256.18,0
7616,Jones,182720.07,0
7617,Quezada,4082.52,0
7618,McCulloch,102233.73,0
7619,Tobeolisa,132002.83,0
7620,Black,126838.7,0
7621,Fraser,181461.46,0
7622,Green,195325.74,0
7623,Allan,29132.43,0
7624,Akudinobi,131804.86,0
7625,Walker,173784.04,0
7626,Olisaemeka,26249.86,0
7627,Arcuri,182650.15,0
7628,Liu,196582.55,0
7629,Flemming,141977.54,1
7630,Bischof,55313.51,0
7631,John,62944.75,0
7632,Sinnett,72375.03,0
7633,Ts'ui,188324.01,1
7634,Pokrovsky,133403.07,0
7635,Azarov,157378.5,0
7636,McCarthy,101240.08,1
7637,Simpson,102502.5,0
7638,Stevenson,37577.66,0
7639,Moore,83456.67,0
7640,Chill,199420.41,0
7641,Moore,24748.89,0
7642,Su,121765.0,0
7643,Rees,113666.48,0
7644,Lung,134110.93,0
7645,Thomas,183095.87,0
7646,Fuller,159891.03,0
7647,Trevisani,8316.19,0
7648,Dumolo,63736.36,0
7649,Wu,94715.24,0
7650,Kerr,68695.38,0
7651,Geoghegan,36899.62,0
7652,Bailey,182775.08,0
7653,Hsia,62390.59,1
7654,Holden,76042.48,0
7655,Milani,70956.75,0
7656,Jamieson,67311.12,0
7657,Ndubueze,110454.46,0
7658,Abramova,88479.02,1
7659,Wetherspoon,122639.73,0
7660,Middleton,79723.78,0
7661,Arcuri,97677.52,1
7662,Calabrese,100720.02,1
7663,Hampton,104730.52,0
7664,Clayton,22499.29,0
7665,Otutodilichukwu,28257.89,0
7666,Chukwuemeka,109988.09,0
7667,Douglas,149991.32,0
7668,Galloway,45180.8,0
7669,Sochima,181605.85,0
7670,Wilkins,126469.09,0
7671,Rice,160810.85,1
7672,Pope,88146.86,0
7673,Romani,88333.74,0
7674,Ch'ang,90174.83,0
7675,Chizuoke,81298.09,0
7676,Ireland,60013.17,0
7677,Finch,100940.91,0
7678,Meng,12599.94,1
7679,Hibbins,128590.73,0
7680,Chung,23180.37,0
7681,Black,55796.83,1
7682,Balashov,152097.02,0
7683,Palmer,162443.05,0
7684,Lea,55551.26,0
7685,Singleton,109496.69,0
7686,Burt,72105.63,0
7687,Siciliano,41815.22,1
7688,Sun,74005.04,1
7689,Sauve,70224.34,0
7690,Thompson,145528.22,0
7691,Boni,124486.28,0
7692,Wood,10078.02,0
7693,Buccho,164967.21,0
7694,Spencer,91149.48,0
7695,Eidson,103379.31,1
7696,Hung,128049.34,1
7697,Melvin,54342.83,0
7698,Dawkins,13614.01,1
7699,Rizzo,35521.63,0
7700,Capon,40496.72,0
7701,Ts'ao,91903.9,1
7702,Johnstone,178667.7,0
7703,Fleming,32202.61,0
7704,Chang,117034.32,0
7705,Gibbs,163746.09,1
7706,Rita,20346.69,0
7707,Munro,84710.65,0
7708,Duncan,120531.31,0
7709,Okwuadigbo,152273.57,0
7710,McIntosh,144345.58,0
7711,Ch'iu,96961.0,1
7712,Watt,170307.43,0
7713,Udinese,29880.99,0
7714,Clark,195104.91,0
7715,Hsia,187756.24,1
7716,Obiuto,67599.69,0
7717,T'ien,105983.09,0
7718,McKenzie,25980.42,1
7719,Tang,112222.64,0
7720,Tu,59864.96,0
7721,Tsui,42581.09,0
7722,Lynch,4777.23,0
7723,Hung,178038.17,0
7724,Oluchukwu,128521.16,1
7725,Tuan,109029.72,0
7726,Lewis,2267.88,0
7727,Chidiebere,55054.48,0
7728,Woolacott,76456.17,0
7729,Yen,75478.95,1
7730,Service,179144.54,0
7731,Lin,193471.74,1
7732,Chuang,103570.8,0
7733,Akhtar,102628.56,1
7734,Faulkner,55772.04,0
7735,Liang,192070.16,1
7736,Dancy,144808.37,0
7737,Duigan,5008.23,1
7738,McLean,173680.39,0
7739,Zuyeva,115753.94,0
7740,Hankinson,38928.48,1
7741,Wei,174381.23,0
7742,Afamefula,49829.8,0
7743,Chiang,76169.68,0
7744,Myers,133465.57,0
7745,Chinedum,38761.61,0
7746,Ukaegbunam,176779.46,0
7747,Akubundu,13159.9,0
7748,Sal,48217.97,1
7749,Stevenson,134964.85,1
7750,Sutherland,184221.11,0
7751,Ts'ao,19264.33,0
7752,Sung,92797.23,0
7753,Pisani,33114.24,0
7754,Hs?eh,154347.95,1
7755,Sherrod,184842.21,0
7756,Holloway,155743.48,0
7757,Newton,88815.25,0
7758,Kang,193747.57,0
7759,Walton,116548.02,1
7760,Bradley,166324.79,1
7761,Watkins,40199.01,0
7762,Tien,51919.04,0
7763,Davide,73329.08,0
7764,Milne,145387.05,1
7765,Barling,140763.18,0
7766,Barnett,67979.35,0
7767,Ellis,133051.64,1
7768,Hsia,86791.9,0
7769,Chukwujamuike,47579.25,0
7770,Venables,151623.71,0
7771,Hsia,164039.51,0
7772,Alexander,16528.4,1
7773,Yuan,66753.1,1
7774,Johnston,19244.58,0
7775,Hobler,103832.58,0
7776,Jamieson,502.7,0
7777,Macleod,1408.68,0
7778,Norris,5985.36,0
7779,Pirozzi,37460.05,0
7780,Folliero,30396.43,0
7781,Russell,2498.67,0
7782,Hsiung,55346.14,0
7783,Tate,148330.97,1
7784,Davis,59237.72,0
7785,Bair,48644.94,0
7786,Drury,140759.03,0
7787,Padovano,107712.42,0
7788,Conway,181718.73,0
7789,Waters,37054.65,0
7790,Kang,173940.59,0
7791,Martin,99298.8,0
7792,Ugochukwutubelum,62933.03,0
7793,Burns,55287.84,0
7794,Genovese,48197.06,0
7795,Beale,178642.73,0
7796,Cherkasova,8282.22,0
7797,Coles,33300.56,0
7798,Potter,76515.79,0
7799,McMinn,33680.56,0
7800,Bergamaschi,168886.39,1
7801,Chijindum,191746.23,1
7802,Ch'iu,93091.02,0
7803,Yusupova,23904.52,0
7804,Davis,15807.07,0
7805,Iadanza,83773.02,0
7806,Jordan,90162.35,0
7807,Kruglova,36639.25,0
7808,Echezonachukwu,139469.11,1
7809,Hajek,198402.37,1
7810,Welch,194584.48,0
7811,Vinogradoff,159629.64,0
7812,Hung,34231.48,0
7813,Okwudiliolisa,69643.31,1
7814,Mays,90270.16,0
7815,Gardner,47848.56,0
7816,Mamelu,162865.52,0
7817,Ross,168650.4,0
7818,Barese,54372.37,0
7819,Swayne,133897.32,0
7820,Phillips,147878.05,0
7821,Manfrin,118313.38,0
7822,Tan,181224.24,1
7823,Adams,7921.57,0
7824,Teng,5708.19,0
7825,Chinwendu,56756.52,1
7826,Davison,4121.04,1
7827,Hsing,97213.09,0
7828,Castro,12799.23,0
7829,Parkin,50400.32,0
7830,Manna,41447.86,0
7831,Fennescey,185543.35,0
7832,Colon,189988.65,1
7833,Yeh,170819.01,0
7834,Bergamaschi,85547.33,1
7835,Matveyeva,137037.97,0
7836,Ignatyeva,19283.14,0
7837,Lederer,169425.3,1
7838,Nwabugwu,132038.65,0
7839,Abramowitz,3626.47,0
7840,Chapman,50881.51,0
7841,Fiorentino,149170.25,1
7842,Cecil,182505.68,0
7843,Ikechukwu,194072.56,1
7844,Allen,9209.21,0
7845,Kao,167931.81,0
7846,Hart,123096.56,0
7847,Charlton,3965.69,0
7848,Turnbull,87711.61,0
7849,Manners,49667.28,0
7850,Chiazagomekpere,136675.22,0
7851,Lavrentyev,35865.44,1
7852,Wallace,26136.13,0
7853,Miller,33373.26,1
7854,Bazhenov,10096.25,0
7855,Ifesinachi,188782.3,0
7856,Ma,79775.19,0
7857,Chu,152740.16,0
7858,Kerr,5791.85,0
7859,Wynne,13182.43,0
7860,Moon,187551.24,0
7861,Disher,110560.14,0
7862,Cattaneo,63795.62,0
7863,Beluchi,62086.62,0
7864,Mazzi,12483.56,0
7865,Ifeajuna,10963.04,0
7866,Howe,8247.0,0
7867,Yocum,156260.08,0
7868,Moore,26927.69,0
7869,Y?an,84782.42,1
7870,Chinweuba,19842.11,0
7871,Lowrie,95393.43,0
7872,Shen,133995.59,0
7873,Lavarack,108003.38,0
7874,Davide,99154.86,0
7875,Gomes,49503.5,0
7876,Matveyeva,196533.72,1
7877,Fiorentino,188426.13,1
7878,Eberechukwu,171340.68,1
7879,Gibney,79071.89,0
7880,Virgo,20940.76,0
7881,Kulikova,34774.26,0
7882,Liu,6865.41,1
7883,Kao,51143.43,0
7884,Foran,47031.4,1
7885,Jones,47160.01,0
7886,Fowler,158666.99,0
7887,Conti,65464.66,0
7888,Stephenson,78255.86,0
7889,Willis,103548.25,0
7890,Ts'ui,89609.26,0
7891,Chibuzo,193476.04,0
7892,Fang,5199.02,0
7893,Wyckoff,52827.51,0
7894,Muir,86507.88,1
7895,Halpern,100423.88,0
7896,Flynn,175611.5,0
7897,Shao,19282.85,0
7898,Soares,27448.33,0
7899,Gallo,183963.34,0
7900,Lei,45113.92,1
7901,Daniels,110776.01,0
7902,Kenechi,183042.2,0
7903,Singleton,161571.79,0
7904,Williams,166692.03,0
7905,Greece,71173.64,0
7906,Olisanugo,5353.12,0
7907,Padovano,86019.48,0
7908,Rossi,86383.82,0
7909,Grant,31641.52,1
7910,Ebelegbulam,70548.96,0
7911,Mitchell,24411.02,0
7912,Buckley,122254.86,0
7913,Repina,186035.72,0
7914,Ellis,73133.82,0
7915,Douglas,187734.49,1
7916,Becher,111590.35,0
7917,Nwachukwu,15859.95,0
7918,Smith,61324.87,0
7919,Aksyonov,176868.89,0
7920,Artyomova,98896.06,0
7921,Medvedeva,108739.15,0
7922,Tsui,12266.06,0
7923,Runyon,163317.5,0
7924,Gallo,182247.77,0
7925,Bradshaw,168261.4,0
7926,Evans,158590.66,1
7927,Hancock,102566.46,1
7928,Butler,141827.83,0
7929,Bradshaw,161671.15,0
7930,Bergamaschi,192013.23,0
7931,Ebelegbulam,127875.1,0
7932,Greco,60811.56,0
7933,Lucas,131177.22,0
7934,Barber,130862.11,0
7935,Dobbs,72970.93,0
7936,Thomson,28123.99,0
7937,Su,140754.19,1
7938,Watkins,166650.32,0
7939,Ch'ien,45507.24,0
7940,Monds,112202.64,0
7941,McClemans,37140.2,0
7942,Shen,178256.58,1
7943,Gallo,100982.93,1
7944,Foveaux,109626.13,1
7945,Longo,99251.24,0
7946,Calabresi,143345.69,0
7947,Randall,59653.03,0
7948,Garcia,196864.61,0
7949,Sullivan,109960.4,1
7950,Higgins,127256.7,0
7951,Crawford,1099.95,0
7952,Martin,146192.4,0
7953,Currey,48553.77,0
7954,Teng,144407.1,0
7955,Austin,195760.53,0
7956,Hudson,44827.47,0
7957,Ts'ui,88743.99,0
7958,Hancock,88837.11,0
7959,Nicholas,62112.7,0
7960,Napolitano,163563.07,0
7961,Jamieson,174800.31,0
7962,Foster,42429.88,1
7963,Moretti,82647.65,0
7964,Chiedozie,134175.15,0
7965,Okwukwe,92243.94,1
7966,Lumholtz,6175.53,0
7967,Rose,29213.63,0
7968,Wan,67214.02,0
7969,De Bernales,169037.84,1
7970,Ch'eng,188809.23,0
7971,Edmondson,79408.17,0
7972,Ch'ien,89222.66,0
7973,Millar,86079.67,0
7974,Dickson,12944.17,1
7975,Toscani,166516.84,0
7976,Pan,126419.8,0
7977,Chigozie,89103.05,0
7978,Sagese,132973.17,0
7979,Reilly,93122.41,0
7980,Taylor,167522.19,0
7981,Yen,157239.6,0
7982,Kapustin,107429.71,0
7983,Singh,75304.09,0
7984,Yeh,182944.47,0
7985,Genovese,5983.7,0
7986,Boyle,163655.01,0
7987,Blair,89385.92,0
7988,Okagbue,168773.54,0
7989,Khan,96864.36,0
7990,Robertson,134455.84,0
7991,Tikhonov,28368.37,0
7992,MacDonald,103898.59,0
7993,Ah Mouy,63239.65,0
7994,Barese,170138.68,1
7995,Winter-Irving,3837.08,0
7996,Wilson,92977.75,0
7997,Fiorentino,191368.37,0
7998,Iloerika,104889.2,1
7999,Davison,60285.3,0
8000,Hamilton,180693.61,0
8001,Nnachetam,126475.79,0
8002,Blue,133535.99,0
8003,Madukwe,87412.24,1
8004,Mills,164886.64,0
8005,Ferrari,116238.39,0
8006,Nixon,138051.19,0
8007,Manfrin,101617.64,1
8008,McCartney,1985.41,0
8009,Robinson,165626.6,0
8010,Nkemdirim,177784.68,1
8011,Sal,65765.22,0
8012,Kao,50759.8,0
8013,Ikechukwu,163216.48,0
8014,Hargreaves,74850.93,0
8015,Sievier,23491.09,0
8016,Murphy,134272.57,0
8017,Munro,155721.15,0
8018,Donnelly,147230.77,1
8019,North,133210.44,0
8020,Cruz,18986.12,0
8021,Sinclair,100507.81,0
8022,Vasiliev,59346.4,1
8023,Vasilyeva,95372.64,0
8024,Hamilton,31805.49,0
8025,Sung,51959.82,0
8026,Genovesi,130824.57,0
8027,Atkinson,157694.76,1
8028,Watterston,933.38,0
8029,Butters,2560.11,0
8030,Chien,12905.89,1
8031,Gorbunova,176692.87,0
8032,Bulgakov,102908.63,0
8033,Steele,41291.05,0
8034,Polyakova,119127.06,0
8035,Bull,126434.61,0
8036,Weaver,103901.35,0
8037,Earl,85153.0,0
8038,Giordano,12493.61,0
8039,Begg,167336.78,0
8040,Pickering,186180.42,0
8041,Fanucci,88566.9,1
8042,Chang,172526.9,1
8043,Sopuluchi,137985.69,0
8044,Martin,19793.73,1
8045,McNaughtan,107874.39,0
8046,Stewart,171995.34,0
8047,Reagan,61829.89,0
8048,Heller,31728.35,0
8049,Nwokeocha,155221.05,1
8050,Liu,130866.95,0
8051,Sokolova,62199.78,1
8052,Bancroft,24255.21,0
8053,Nnanna,64679.07,0
8054,Trevisani,88120.78,1
8055,Nwachinemelu,66463.62,0
8056,Ting,15142.1,1
8057,Lo Duca,102908.91,0
8058,Marshall,48170.57,0
8059,Band,11597.69,0
8060,Ferri,172450.04,1
8061,Carter,184061.17,0
8062,Wilson,21038.58,1
8063,Connor,109538.35,0
8064,Reid,129192.55,0
8065,Sandefur,146516.86,1
8066,Bidwill,181430.91,0
8067,Cone,121451.21,0
8068,Saunders,131712.51,0
8069,Liardet,53294.17,0
8070,Wilkes,96546.55,0
8071,Martin,184524.65,1
8072,Boni,195259.31,1
8073,Patel,172618.52,0
8074,Howell-Price,59259.44,0
8075,Simpson,25899.21,1
8076,Rowland,3749.0,1
8077,Barnard,101918.96,0
8078,Nnonso,57802.62,0
8079,Rossi,142454.77,0
8080,Pendred,143829.54,0
8081,Martin,44114.88,0
8082,K?,186948.35,0
8083,Miller,173629.78,0
8084,Afamefula,49133.45,0
8085,Sims,178122.71,0
8086,Knight,20893.61,0
8087,Obijiaku,41303.29,0
8088,Hopkins,199808.1,1
8089,Onio,180490.53,0
8090,Black,87400.53,0
8091,Eluemuno,73686.75,0
8092,Doyle,172497.73,0
8093,Onyemere,89286.29,0
8094,Rahman,180082.7,0
8095,Su,22102.25,1
8096,Walker,76068.95,0
8097,Ferguson,32159.46,1
8098,Samaniego,159557.28,1
8099,Onwumelu,107673.35,0
8100,Young,33607.72,0
8101,Mazzi,141035.65,1
8102,Toscano,115719.08,0
8103,Walton,86128.21,1
8104,Chiang,147668.64,0
8105,Burgos,177480.45,1
8106,Spinelli,190937.09,0
8107,Lung,84531.79,0
8108,Noble,161133.4,0
8109,Pai,185555.63,0
8110,Chigozie,33075.24,0
8111,Peavy,39806.75,0
8112,Yermakov,26389.92,0
8113,Burton,12162.76,0
8114,Costa,167237.94,0
8115,Pugliesi,52067.37,0
8116,Lindell,184006.36,1
8117,Sorenson,582.59,1
8118,Arcuri,143274.41,0
8119,Banks,54474.48,1
8120,Parry,121428.2,0
8121,Cockett,79704.12,0
8122,Galkina,41055.71,1
8123,Su,41590.4,0
8124,Marino,54019.93,1
8125,Spears,76053.07,0
8126,Cunningham,184977.2,1
8127,Taylor,127678.95,1
8128,Chiazagomekpere,1243.97,0
8129,Hardacre,76326.67,0
8130,Maslow,145338.61,0
8131,Scott,57751.21,0
8132,Wakelin,138880.24,0
8133,Esposito,136120.29,0
8134,Shah,167621.18,0
8135,Chukwufumnanya,173276.62,0
8136,Fleming,99661.46,0
8137,Lori,66333.56,1
8138,Kennedy,70240.79,0
8139,Walters,113553.42,0
8140,Han,690.84,0
8141,Lawrence,98802.76,0
8142,Cooke,130661.95,0
8143,Wan,116378.82,0
8144,Lo Duca,186052.15,0
8145,Yermakova,100101.06,0
8146,Combs,169952.82,0
8147,Chien,61792.76,1
8148,Meng,37973.13,0
8149,Calabresi,188974.81,0
8150,Stevenson,86334.64,0
8151,Davidson,152845.99,0
8152,Ch'in,146652.11,0
8153,Rose,45482.04,1
8154,Ch'ien,168816.73,1
8155,Artyomova,59297.34,0
8156,Mayrhofer,125848.88,0
8157,Yefremov,76264.27,0
8158,Kosovich,3939.87,0
8159,Lu,15306.29,0
8160,Taplin,58214.79,0
8161,Ebelechukwu,35877.03,0
8162,Fleming,21254.06,0
8163,Yefimov,24533.89,1
8164,Andreyeva,23531.5,0
8165,Pickering,89099.18,0
8166,Allan,807.06,0
8167,Wang,121592.5,0
8168,Reynolds,4700.66,0
8169,Hales,161909.95,0
8170,Y?an,90389.61,1
8171,Rowley,2919.21,1
8172,Chia,99086.74,0
8173,Moore,163170.32,0
8174,Copeland,72757.33,0
8175,Rishel,73286.8,0
8176,Wan,146056.29,0
8177,Eluemuno,167673.37,0
8178,Hsia,146011.55,0
8179,Kelly,103381.47,0
8180,Muir,83022.92,0
8181,McIntyre,46041.08,0
8182,Donaldson,182843.24,0
8183,Wright,171364.18,0
8184,Uvarova,183399.12,1
8185,Doherty,152883.95,0
8186,Allen,50560.45,1
8187,Ma,54702.66,0
8188,Tucker,78365.75,0
8189,Ch'eng,68666.63,0
8190,Hs?,151375.73,0
8191,H?,19959.67,0
8192,Chimaijem,26955.72,0
8193,Esomchi,76267.59,0
8194,Lorenzo,100998.5,0
8195,Pirogov,191070.01,0
8196,Larkin,176858.5,0
8197,Eddy,45325.26,0
8198,Sells,190958.48,1
8199,Crawford,78896.59,0
8200,Bezrukov,121964.46,1
8201,Mancini,11144.4,0
8202,Iadanza,144181.48,0
8203,Wilkinson,32757.55,0
8204,P'eng,80320.3,0
8205,St Clair,185830.72,0
8206,Preston,160095.31,0
8207,Findlay,52198.84,0
8208,Nixon,31811.44,0
8209,Gorshkov,104181.78,0
8210,Chukwubuikem,67667.19,0
8211,Medvedeva,193974.47,0
8212,Chukwuhaenye,198055.94,1
8213,Endrizzi,43249.67,0
8214,Ch'ang,55218.02,0
8215,Piccio,131305.37,1
8216,Lockington,43117.1,0
8217,Seleznyov,186655.11,0
8218,Weston,33266.29,0
8219,Groom,555.28,0
8220,Manfrin,150944.31,1
8221,Robertson,72846.58,1
8222,Ch'ang,35279.74,0
8223,Lucchesi,2101.89,0
8224,Cambage,94949.84,0
8225,Tan,99061.75,1
8226,Tao,74692.06,0
8227,Hsieh,116692.8,0
8228,Burdekin,32824.15,0
8229,Longo,139607.61,0
8230,Maughan,115525.13,0
8231,Franz,20955.03,1
8232,Piazza,52341.15,0
8233,Morant,159813.18,0
8234,Becher,169935.46,1
8235,Lombardi,146033.52,0
8236,Loton,153122.73,0
8237,Conti,60335.24,0
8238,Sani,163757.29,0
8239,Lori,156648.81,0
8240,Wong,176471.78,1
8241,Lombardi,5388.3,0
8242,Obialo,93332.64,1
8243,Mazzi,71192.82,0
8244,Von Doussa,170309.19,0
8245,Miller,109794.31,0
8246,Miracle,166310.82,0
8247,Su,126728.27,0
8248,Wyatt,30338.94,0
8249,Anayolisa,37935.83,0
8250,Wade,25329.48,0
8251,Enemuo,49676.33,0
8252,Bruno,169498.61,0
8253,Greece,26500.29,1
8254,Yang,166458.41,0
8255,Brown,181294.39,0
8256,Anderson,21768.21,0
8257,Johnston,72849.29,0
8258,Zakharov,24499.97,0
8259,Golibe,98994.92,0
8260,Nikitina,141446.01,0
8261,Leonard,77864.41,0
8262,Burns,115115.32,0
8263,Burtch,168605.96,0
8264,Clark,38550.4,0
8265,Woodward,160618.61,1
8266,Spencer,3701.63,0
8267,Chao,88659.44,0
8268,Costa,44273.91,0
8269,McLachlan,156495.39,1
8270,Hung,182988.94,0
8271,Akhtar,175082.2,0
8272,Toscani,148811.14,0
8273,Gray,85901.09,0
8274,Warren,199255.32,0
8275,Ramsden,107973.44,0
8276,Bartlett,128028.6,0
8277,Wenz,104610.86,0
8278,Kisch,69676.55,0
8279,Mai,35982.42,0
8280,McGregor,117939.17,0
8281,Pinto,95140.62,0
8282,Newman,167682.57,0
8283,Pagnotto,56562.57,0
8284,Williams,90305.97,0
8285,Ndubuisi,109895.16,0
8286,Plummer,1843.24,0
8287,Chimezie,102747.02,0
8288,Nash,97465.89,0
8289,Onochie,105352.55,0
8290,Rizzo,85801.77,0
8291,Boni,69370.05,0
8292,Davies,176945.96,0
8293,Lu,21597.2,0
8294,Burrows,152039.67,0
8295,Ershova,111893.09,0
8296,Udokamma,195074.62,0
8297,Aitken,15959.01,0
8298,Turnbull,72628.84,1
8299,Reilly,64157.24,1
8300,Hardy,23860.5,0
8301,Brookman,85687.09,1
8302,Kerr,179451.42,0
8303,McBurney,93180.09,0
8304,Mickey,157097.09,0
8305,Harrison,80344.96,1
8306,Olszewski,26080.54,1
8307,Chijioke,31406.93,0
8308,Young,32044.64,0
8309,Bellasis,132734.87,0
8310,De Mestre,61602.42,0
8311,De Luca,41304.44,1
8312,Mundy,57962.41,0
8313,Tung,42862.82,0
8314,Donahue,152992.04,0
8315,Okagbue,91193.65,0
8316,Nnaemeka,130132.41,0
8317,Verjus,88751.45,0
8318,H?,104118.93,0
8319,Napolitani,42028.16,0
8320,Ginikanwa,75632.78,0
8321,Spaull,53710.23,0
8322,Siciliani,13066.3,0
8323,Voronina,152417.97,0
8324,Tang,3299.01,0
8325,Crumbley,198091.81,0
8326,Hamilton,103934.12,0
8327,Piazza,70403.65,0
8328,Birch,102179.86,0
8329,Custance,30375.18,0
8330,Anayochukwu,184796.84,0
8331,Galkin,166264.89,0
8332,Adams,88391.97,0
8333,Toomey,115186.97,0
8334,Marshall-Hall,13935.53,1
8335,Shen,83910.4,0
8336,Pagnotto,34712.34,1
8337,Wood,13871.34,0
8338,More,139494.75,0
8339,Piccio,140724.64,0
8340,Tochukwu,20682.46,0
8341,Graham,124202.26,0
8342,Tung,159638.77,0
8343,P'eng,171056.65,1
8344,Nevzorova,25333.03,1
8345,Toscani,29372.62,0
8346,McKenzie,38533.79,0
8347,Okwuoma,156122.13,1
8348,Morley,57904.22,1
8349,Kerr,31257.1,1
8350,Harding,193214.05,0
8351,Butler,137757.69,0
8352,Crawford,13308.2,1
8353,Brown,132861.9,1
8354,Greece,125083.29,0
8355,Matthews,12405.2,0
8356,Heath,37697.29,0
8357,Vincent,105599.65,0
8358,Sal,142783.98,1
8359,Milne,168412.07,1
8360,Bazile,184036.47,0
8361,Wardle,48478.47,0
8362,Lilly,3896.08,0
8363,Aitken,132370.75,1
8364,Enderby,128260.86,1
8365,Chiu,106534.15,0
8366,Ugorji,102515.42,0
8367,Sharpe,83643.87,0
8368,Houghton,138906.85,1
8369,Konovalova,29995.83,1
8370,Patel,164081.42,0
8371,Ngozichukwuka,187976.88,1
8372,Medland,158171.36,0
8373,Padovano,155711.64,0
8374,Tsui,85890.75,1
8375,H?,83844.79,0
8376,Denman,41777.9,1
8377,Ratten,81908.09,0
8378,Baxter,139377.24,1
8379,Norman,73562.05,1
8380,Shen,165786.1,0
8381,Reilly,174921.91,0
8382,Ifeanacho,120790.02,0
8383,Graham,56092.51,0
8384,Lysaght,158816.03,0
8385,T'ang,125660.99,0
8386,Abron,128400.62,0
8387,Chimaraoke,107181.22,0
8388,Y?an,77203.72,1
8389,Sergeyeva,129740.11,0
8390,Ma,187604.97,1
8391,Obiajulu,184754.26,0
8392,Belcher,63981.37,1
8393,K?,192831.67,1
8394,Brown,70849.47,0
8395,Abernathy,27914.95,0
8396,Pape,173568.3,1
8397,Tao,9324.31,1
8398,Ma,26628.88,1
8399,Earle,145601.8,0
8400,Kazantsev,144496.07,0
8401,Uspenskaya,11779.98,1
8402,Coombes,83983.39,1
8403,Hopman,123318.37,0
8404,McKay,65481.86,0
8405,Milanesi,47728.0,0
8406,Chineze,59195.05,0
8407,Dawson,98060.51,0
8408,Shih,90106.94,0
8409,Hughes,13549.34,0
8410,Clark,113436.08,0
8411,Chukwuhaenye,42442.21,0
8412,Wall,68297.61,1
8413,Howell,80134.65,0
8414,Lo,96051.1,0
8415,Lazarev,80682.35,0
8416,Lowe,111149.98,0
8417,Folliero,182612.38,0
8418,Han,109201.43,0
8419,Holloway,151146.67,0
8420,Pai,93901.61,0
8421,Trejo,36342.79,0
8422,Johnston,98302.57,1
8423,Macknight,84972.9,1
8424,Lo,108747.12,1
8425,Glossop,21862.19,0
8426,Bishop,121551.93,0
8427,Yefremova,177065.24,1
8428,Obialo,140460.01,0
8429,Nkemjika,35337.31,0
8430,Trevisani,193502.93,0
8431,Parkes,32174.03,0
8432,Seleznyov,5811.9,1
8433,Naylor,149593.61,0
8434,Forbes,37439.9,1
8435,Douglas,142763.51,1
8436,Nwankwo,45038.74,0
8437,Myers,172097.4,0
8438,Rogova,180344.69,1
8439,Hsing,37392.56,0
8440,Giordano,36864.05,0
8441,Okwukwe,132418.59,0
8442,Chalmers,60894.26,0
8443,Chiazagomekpere,143913.33,0
8444,Evseyev,172240.27,0
8445,Parry-Okeden,86619.77,0
8446,Picot,164074.89,0
8447,Reid,69039.43,0
8448,Ferri,132468.76,1
8449,Genovesi,65316.5,0
8450,Neumayer,57164.19,0
8451,Murray,34397.08,0
8452,Tien,177431.59,1
8453,Parkes,142009.46,1
8454,Yip,80618.47,0
8455,Ingle,124218.27,0
8456,Chidubem,85286.3,0
8457,Lu,40889.14,0
8458,Vorobyova,107236.87,0
8459,Chiedozie,168085.97,0
8460,Napolitani,146663.43,1
8461,Coffey,4791.8,0
8462,Chigbogu,120819.58,0
8463,Akabueze,114539.67,1
8464,Istomin,154000.99,0
8465,Ndubueze,137980.58,1
8466,Toscani,83343.73,0
8467,Ross,82195.15,0
8468,Fernando,149550.95,0
8469,McClaran,197688.5,0
8470,Yermakova,72929.96,0
8471,Somadina,171045.35,1
8472,Wan,27731.05,0
8473,Mazzi,126131.9,0
8474,Tuan,103931.49,0
8475,Townsley,147635.33,1
8476,Yashina,61961.57,0
8477,Henderson,125435.47,1
8478,Mueller,42240.54,0
8479,Wright,57942.88,0
8480,Lung,153419.62,0
8481,Bryant,189727.12,0
8482,Madukaife,165385.55,0
8483,Maclean,19687.99,0
8484,Abdullah,39473.63,1
8485,Yao,144723.38,0
8486,Cheatham,194895.57,1
8487,Gallagher,77271.91,0
8488,Hao,105096.82,1
8489,Nixon,176780.39,0
8490,Wang,153786.46,1
8491,Kerr,43612.06,0
8492,Romani,79479.74,0
8493,Lock,92320.37,1
8494,Millar,193201.86,0
8495,K'ung,126353.13,1
8496,Onyekachi,135008.92,0
8497,Somayina,17135.6,0
8498,Dennis,60651.77,0
8499,Brown,188343.05,0
8500,Ogochukwu,23291.83,0
8501,Macleod,64443.75,0
8502,Page,287.99,0
8503,Barese,137961.41,0
8504,Agafonova,72169.95,1
8505,Caraway,39608.58,0
8506,Stevenson,175458.21,0
8507,Duncan,89524.83,0
8508,Wang,13221.25,0
8509,Kaur,102889.34,0
8510,Jenkins,166468.21,1
8511,Edwards,27149.27,0
8512,Kelly,59601.15,0
8513,Boyle,22026.18,0
8514,Loane,153059.62,0
8515,Padovano,167313.07,0
8516,Li Fonti,12833.96,0
8517,Robinson,197582.79,0
8518,Geach,4033.39,1
8519,Payne,125877.22,0
8520,Chinonyelum,176913.42,0
8521,Watkins,105476.65,0
8522,Page,59172.42,0
8523,Genovese,108731.02,1
8524,Watson,175310.38,0
8525,Mancini,38170.04,0
8526,Chibueze,105887.04,0
8527,Hunter,95625.03,0
8528,Buchi,9541.15,0
8529,Charteris,148516.79,0
8530,Aksenov,113907.8,0
8531,Wright,164647.72,1
8532,Lu,98621.04,1
8533,K?,37479.97,0
8534,Hou,15846.42,0
8535,Descoteaux,5104.08,1
8536,Stephenson,61937.6,0
8537,Cooper,170008.74,0
8538,Crump,165000.68,0
8539,Diggs,76197.05,0
8540,Shih,118045.98,0
8541,Hudson,157360.9,0
8542,Carvosso,196226.38,0
8543,Wyatt,44384.57,1
8544,Kodilinyechukwu,72993.65,0
8545,Vorobyova,124571.09,0
8546,Piccio,43640.16,0
8547,Hsing,31121.42,0
8548,Lucas,22372.78,0
8549,T'ang,170338.35,0
8550,North,158845.49,1
8551,Thompson,67926.18,0
8552,Simpson,194783.12,0
8553,Nwora,176036.01,0
8554,Chandler,198826.03,1
8555,Uspensky,168683.57,0
8556,Ferguson,6936.27,0
8557,Kerr,179230.23,0
8558,Furneaux,103421.91,0
8559,Kambinachi,147578.26,0
8560,Black,130504.49,0
8561,Chizoba,16149.13,0
8562,Peng,118862.08,1
8563,Leach,143397.14,1
8564,Chiazagomekpele,137959.0,0
8565,Nickson,93702.96,1
8566,Lin,172939.3,1
8567,Alexeieva,108162.13,0
8568,Sykes,35896.09,0
8569,Martin,104852.6,0
8570,Herz,188850.89,0
8571,Nikitina,28615.8,0
8572,Ko,172001.44,0
8573,Highett,60116.57,0
8574,Jackson,170528.63,0
8575,Ball,189683.7,0
8576,Nelson,49734.94,0
8577,Woronoff,121529.59,1
8578,Morrison,71071.47,0
8579,Smith,142995.32,0
8580,Rendall,13054.25,0
8581,McIntyre,89402.54,0
8582,Wei,111241.37,0
8583,Allardyce,119638.85,0
8584,Cremonesi,151581.79,0
8585,Weatherford,73881.68,1
8586,Jen,176902.83,0
8587,Macleod,7034.94,0
8588,Mironova,122547.58,0
8589,Sharpe,161559.12,0
8590,Osborne,137510.41,1
8591,Chu,185366.56,0
8592,Chong,182224.14,0
8593,Alvarez,42581.04,0
8594,Palerma,31921.95,0
8595,Chiemenam,102460.84,1
8596,Pritchard,109681.29,0
8597,Wallis,106345.05,1
8598,Palerma,102472.9,0
8599,Hill,36249.76,0
8600,Hudson,32996.89,1
8601,Chung,195123.94,0
8602,Zhdanova,57014.43,0
8603,Fraser,159483.76,1
8604,Meng,100929.59,0
8605,Cherkasova,12513.07,0
8606,Rawlings,74900.9,0
8607,Jen,137111.89,0
8608,Chien,60212.51,0
8609,Gorbunov,187343.4,0
8610,Lucas,183284.53,0
8611,Young,8125.39,0
8612,Colombo,103220.56,0
8613,Tsao,96885.19,0
8614,Lewis,8877.06,0
8615,Hussain,147530.06,0
8616,Anderson,33389.42,0
8617,Ulyanov,45309.24,0
8618,Shaw,35230.61,0
8619,Lucciano,59816.41,0
8620,Gordon,69080.46,0
8621,Woodward,143450.61,0
8622,Cunningham,40774.01,0
8623,Boni,99377.27,0
8624,Truscott,133617.43,0
8625,Ginikanwa,101495.0,1
8626,Bailey,119333.95,1
8627,Hutchinson,167682.37,0
8628,Maclean,152884.85,0
8629,Chiang,70400.86,0
8630,Willmore,65413.41,0
8631,Godson,182728.8,0
8632,Smith,81442.6,0
8633,Bitter,144251.38,0
8634,Ts'ao,40207.06,0
8635,Chialuka,54530.51,1
8636,Scott,32683.88,1
8637,Feng,104703.96,0
8638,Castiglione,26907.43,0
8639,He,180591.32,0
8640,Fanucci,60905.51,0
8641,Ginikanwa,47777.15,1
8642,Manning,108222.68,0
8643,Forlonge,3554.63,0
8644,Liang,78616.92,0
8645,Uchechukwu,100566.81,0
8646,Sung,183259.35,0
8647,Tochukwu,159131.21,0
8648,Reyna,160976.85,1
8649,Liang,42933.26,0
8650,Unwin,91291.2,0
8651,Rutherford,52471.36,0
8652,Howe,108804.28,0
8653,Tran,122449.18,0
8654,Thompson,41682.3,0
8655,Linger,148887.69,0
8656,Johnston,137784.25,0
8657,Udokamma,190573.91,1
8658,Barrera,102076.03,0
8659,Sutherland,56307.51,0
8660,Bednall,49775.58,0
8661,Otoole,4395.45,0
8662,Cremonesi,28461.29,1
8663,Hamilton,28184.7,0
8664,Donaldson,3149.1,0
8665,McKay,194273.12,0
8666,Black,148537.07,0
8667,Kane,116378.31,0
8668,She,6761.84,0
8669,Bruno,81995.92,0
8670,Watson,14392.68,0
8671,Shih,468.94,1
8672,Rose,122379.54,0
8673,Zikoranachukwudimma,13228.93,1
8674,Cole,154002.02,1
8675,Isaacs,112777.38,0
8676,Muravyova,128528.83,0
8677,Timperley,170122.22,0
8678,Kenechukwu,2803.89,0
8679,He,181918.26,1
8680,Storey,115241.96,1
8681,Onyekachukwu,129956.13,0
8682,Kharlamova,45858.49,0
8683,Christopher,131083.56,1
8684,Lombardo,46422.46,0
8685,Kerr,57675.88,0
8686,Duncan,169741.96,0
8687,Lawley,26022.37,0
8688,Burns,125334.16,1
8689,Whitson,21343.74,0
8690,Doyne,139971.01,0
8691,Pinto,47455.82,0
8692,Chin,55593.8,0
8693,Davide,191756.54,1
8694,Torres,76373.38,0
8695,Buccho,169278.51,0
8696,Greece,136909.88,0
8697,Wimble,54865.92,0
8698,Pirozzi,156529.44,0
8699,Hsiung,113482.2,0
8700,Obioma,63446.47,0
8701,Onio,13624.02,0
8702,Udinesi,148814.54,0
8703,Fermin,65567.91,0
8704,Moss,6409.55,0
8705,Docherty,126997.53,0
8706,Marcelo,171762.87,1
8707,Fadden,129031.19,1
8708,Zox,182691.31,0
8709,Otitodilinna,12351.01,0
8710,Kennedy,135123.96,0
8711,Tu,181490.42,0
8712,Barnes,186490.37,0
8713,Bibi,41248.8,0
8714,L?,116267.28,0
8715,Landseer,9201.53,0
8716,Nwachinemelu,80630.32,0
8717,Ch'iu,159165.7,0
8718,Vinogradova,86490.09,1
8719,Jenks,197572.41,0
8720,Crace,105159.89,0
8721,Packham,40807.26,0
8722,T'ien,143.34,0
8723,Onyekachi,125823.79,1
8724,Solomina,138465.7,0
8725,Hawes,44008.91,0
8726,Benson,66893.28,1
8727,Emenike,76503.06,0
8728,Nero,56784.11,0
8729,Toscano,175657.55,0
8730,Yang,105155.66,0
8731,Palerma,47468.56,0
8732,Trentini,64729.51,0
8733,Haddon,101108.85,1
8734,Coates,140938.95,1
8735,Castiglione,37662.49,0
8736,Stone,86414.41,0
8737,Maynard,41820.65,0
8738,Moore,127734.16,0
8739,Obielumani,123872.0,0
8740,Harding,113050.92,0
8741,Hill,131389.39,0
8742,Brown,26589.56,0
8743,Pagnotto,195463.35,0
8744,Esposito,108876.75,1
8745,Tan,136054.45,0
8746,Hammond,182262.66,0
8747,Chung,129209.09,0
8748,Houghton,64853.51,1
8749,Chia,148989.15,0
8750,Zikoranachidimma,71047.51,0
8751,Boag,185341.63,0
8752,Pagnotto,137793.35,0
8753,Oluchukwu,198317.23,0
8754,Baxter,162137.5,0
8755,Tien,109688.82,1
8756,Chimezie,36320.87,1
8757,Slone,31384.86,0
8758,Martin,114083.73,0
8759,Loggia,163331.65,0
8760,Hartley,50777.77,0
8761,Parkin,30772.86,1
8762,Lin,113796.15,1
8763,Brooks,188729.08,1
8764,Tien,86701.4,0
8765,Dann,153129.22,0
8766,Trentino,19825.09,0
8767,Russo,12186.83,0
8768,Christie,86920.97,1
8769,Ross,35408.77,0
8770,Nnonso,165576.55,0
8771,Teng,48226.76,0
8772,Buccho,199454.37,0
8773,Madukaife,118749.58,0
8774,Dunn,151623.91,0
8775,Hooker,172097.95,0
8776,Griffin,87677.15,0
8777,Kistler,21858.28,0
8778,Law,123866.28,0
8779,Grigoryeva,74694.41,0
8780,Chu,16770.31,1
8781,Onyemachukwu,49424.6,0
8782,Lu,172031.22,0
8783,Watson,183021.06,1
8784,Fallaci,73979.85,1
8785,Ni,26265.18,0
8786,Leason,24857.25,0
8787,Tsai,167969.15,0
8788,Bruner,189307.7,0
8789,Wallace,99770.3,0
8790,Young,119712.78,0
8791,Forbes,168607.74,0
8792,Muir,83087.13,0
8793,Pugh,130664.79,0
8794,Webb,133267.69,1
8795,Walker,67029.82,1
8796,Cox,141031.08,0
8797,Maclean,125110.02,0
8798,Hollis,117832.39,0
8799,Jamieson,198817.72,0
8800,Su,146411.6,0
8801,P'eng,131312.56,1
8802,Hawkins,141652.2,0
8803,Ndubuagha,64477.25,0
8804,Hill,191215.61,0
8805,Norton,37090.44,0
8806,Achebe,57517.71,0
8807,Simpson,63241.21,1
8808,Chiang,44567.83,1
8809,Dalrymple,135337.11,0
8810,Chukwuemeka,33964.03,0
8811,Ojiofor,61623.19,0
8812,Rubeo,168989.77,0
8813,Fanucci,74425.41,0
8814,Zubarev,178929.84,0
8815,T'ao,101382.86,1
8816,Pai,180769.55,0
8817,Udegbunam,92378.54,0
8818,Claypool,38252.25,0
8819,Manfrin,146111.35,0
8820,Baker,72350.17,0
8821,Efremov,48242.38,0
8822,Chin,148305.82,0
8823,Brookes,8270.06,0
8824,Doyle,41549.64,0
8825,Ajuluchukwu,138656.81,1
8826,Ikemefuna,12510.53,0
8827,Fowler,43889.41,0
8828,Liao,192800.25,0
8829,Onuora,75762.0,0
8830,Aksenov,9854.72,1
8831,Trevisani,115724.78,0
8832,Wood,106303.4,0
8833,Lombardo,183868.01,0
8834,Walpole,153895.46,0
8835,Chikwendu,66695.71,0
8836,Ko,173851.11,0
8837,Steigrad,177423.02,1
8838,Isayeva,109096.71,1
8839,Boni,166656.18,0
8840,Anayolisa,176921.0,0
8841,Fallaci,98413.1,0
8842,Fenton,77500.81,0
8843,Chao,119747.08,0
8844,Osinachi,160387.98,0
8845,Chu,193715.0,0
8846,Obiuto,28045.77,0
8847,Chu,150757.35,0
8848,Nash,82252.28,0
8849,Hixson,154395.56,0
8850,Fiorentini,83866.35,1
8851,Chidimma,39830.1,0
8852,Chiazagomekpere,12429.22,0
8853,Laura,18772.5,1
8854,Wu,9574.83,0
8855,Toscani,188486.94,0
8856,McMillan,64716.08,0
8857,Chiekwugo,84749.96,0
8858,Hendley,180551.76,0
8859,Birnie,60907.49,0
8860,Kemp,174107.04,0
8861,Johnstone,110405.9,0
8862,Lo Duca,187636.06,1
8863,Montgomery,66580.13,1
8864,Miller,178779.52,0
8865,Chiemezie,70783.61,0
8866,Wright,46772.36,0
8867,Shaw,163327.27,0
8868,Chapman,103760.53,0
8869,Y?an,107839.03,0
8870,Clark,32900.41,1
8871,Howells,193984.6,0
8872,Gamble,140889.32,0
8873,Rogers,125646.82,0
8874,McMillan,20344.02,0
8875,Brown,174268.87,0
8876,Robertson,108500.66,1
8877,Thomas,83247.14,0
8878,Hsing,121840.2,1
8879,Chiu,132908.07,0
8880,Chang,100075.1,1
8881,Kornilova,119327.75,0
8882,Chifo,136737.13,0
8883,Lu,22356.97,0
8884,Bellucci,10137.34,1
8885,Michael,158379.25,0
8886,Sinclair,94570.56,0
8887,Chukwuebuka,980.93,1
8888,Schmidt,95583.45,0
8889,Parry,86044.98,0
8890,McIntyre,166236.38,1
8891,Lo Duca,5240.53,0
8892,Ferrari,150684.23,0
8893,Berry,129508.96,0
8894,Cattaneo,70665.16,0
8895,Foster,102085.35,0
8896,Gordon,195052.12,0
8897,May,93739.71,1
8898,Cameron,65612.12,0
8899,Ch'eng,160095.48,0
8900,Curtis,49506.82,0
8901,Whitehead,92406.22,0
8902,Chukwuemeka,7415.96,0
8903,Onwughara,25059.06,0
8904,Grant,116816.54,1
8905,Browne,144078.02,0
8906,Goloubev,126675.62,0
8907,Gordon,183682.09,0
8908,Sutherland,166850.57,0
8909,Quesada,27359.19,0
8910,Wright,101314.65,1
8911,Simmons,27979.16,0
8912,Yobachukwu,109470.34,0
8913,Read,93713.13,0
8914,Wunder,74870.99,0
8915,Nnaife,192387.51,1
8916,Shen,73457.55,0
8917,Powell,61120.75,0
8918,Goddard,90964.54,1
8919,Buckley,116969.73,0
8920,McIntyre,92118.75,0
8921,Yen,48357.9,0
8922,Okonkwo,197325.4,0
8923,Burlingame,135853.62,1
8924,Hs?,169122.54,0
8925,Board,164170.46,0
8926,Adams,199909.32,0
8927,Rizzo,83295.09,0
8928,Chukwufumnanya,39382.06,0
8929,Fraser,184748.23,0
8930,Russell,62280.91,0
8931,Yefimova,196794.11,1
8932,Palermo,144682.17,1
8933,Bergamaschi,196342.66,0
8934,Shao,41516.44,0
8935,Chimaraoke,112026.1,1
8936,McGregor,52035.29,1
8937,Kesteven,185466.85,0
8938,Ritchie,80149.27,0
8939,Jenks,170980.86,0
8940,Udokamma,185827.74,0
8941,Boyle,113407.26,0
8942,Azuka,67734.79,0
8943,Pai,3363.36,0
8944,Howells,135757.27,0
8945,Hs?,22314.55,0
8946,Kelly,129526.57,0
8947,Walton,37266.43,0
8948,Ebelechukwu,60017.46,1
8949,Vasilieva,153015.42,0
8950,Hsiao,54209.02,0
8951,Abrego,114603.96,0
8952,Gibson,165849.49,1
8953,Giordano,16392.72,1
8954,Mancini,162719.69,1
8955,Afanasyeva,107112.25,1
8956,Wright,41823.22,0
8957,Okwudiliolisa,99907.29,0
8958,Hughes,178229.04,0
8959,Parrott,22095.73,0
8960,Hughes,197861.16,1
8961,Zinachukwudi,138328.24,0
8962,Keane,137276.83,0
8963,McCollum,21834.4,1
8964,Simpson,119890.86,0
8965,Gambrell,24564.7,0
8966,Moretti,10209.8,0
8967,Ricci,83449.65,0
8968,Rieke,81508.1,0
8969,Ndubuagha,32626.21,0
8970,Chung,43982.41,0
8971,Ts'ai,124874.23,0
8972,Cox,118324.75,0
8973,Lei,22113.93,0
8974,Ulyanova,31962.77,0
8975,Gray,105746.94,0
8976,McGregor,39925.52,0
8977,Tretiakova,127630.88,0
8978,Genovesi,28778.98,0
8979,Gordon,10008.68,0
8980,Aitken,24482.16,0
8981,Ginikanwa,98618.79,0
8982,Coates,16281.94,0
8983,Piazza,121239.65,0
8984,Cawood,42669.37,0
8985,Ignatieff,164924.11,0
8986,Gallo,157337.29,0
8987,Yelverton,153831.6,0
8988,William,168781.8,0
8989,Mault,168469.65,0
8990,Mackay,170829.87,0
8991,McIntyre,86207.49,1
8992,Henry,61164.45,0
8993,Kao,133287.73,0
8994,Frewin,77128.23,0
8995,Yefremova,77660.03,0
8996,Anenechukwu,56897.1,0
8997,Trentino,72945.32,0
8998,Tomlinson,45418.12,0
8999,Royston,158527.45,0
9000,Cremonesi,111312.96,0
9001,Yeh,138759.15,0
9002,Ch'in,190588.59,0
9003,Martinez,79099.64,0
9004,Wearing,138613.21,0
9005,Maclean,194230.82,0
9006,T'ao,110252.53,0
9007,Rose,106117.3,0
9008,Whitworth,169642.13,1
9009,Suttor,116179.92,0
9010,Hsing,91.75,1
9011,Boni,187839.9,0
9012,Marshall,121098.65,0
9013,Catchpole,30972.06,0
9014,Tang,30314.04,0
9015,Siddons,14479.29,0
9016,Wan,196395.25,0
9017,Efimov,19512.38,0
9018,Rose,72318.77,0
9019,Fanucci,96615.23,0
9020,Iweobiegbulam,30772.22,0
9021,Ijendu,161217.18,0
9022,O'Sullivan,66795.78,0
9023,Hutchinson,123969.64,0
9024,Kwemto,13783.77,1
9025,Chiu,168924.41,0
9026,Berry,134778.01,0
9027,Hung,119782.89,0
9028,Mordvinova,52167.97,0
9029,Bruno,167689.56,0
9030,Arbour,140800.66,1
9031,Barese,19823.02,0
9032,Hingston,72969.9,0
9033,Davis,143711.02,0
9034,Lawrence,180862.26,1
9035,Chung,125658.28,0
9036,Padovano,125870.5,0
9037,Blinova,15126.32,1
9038,Carter,22457.25,1
9039,Webb,82614.89,0
9040,T'an,32919.42,0
9041,Yates,126223.84,0
9042,Su,112010.02,0
9043,Christian,180962.32,0
9044,Chiu,128882.66,1
9045,Sacco,177614.17,1
9046,Lettiere,174570.55,0
9047,Daluchi,178373.93,0
9048,T'ien,103396.08,0
9049,Hung,59129.72,0
9050,Liu,683.37,0
9051,Feng,145567.34,0
9052,Gilbert,48137.08,1
9053,Robb,90876.95,0
9054,Manfrin,198543.09,0
9055,Chinwenma,106202.07,1
9056,Smith,166896.01,1
9057,Rowe,74804.36,0
9058,Moran,116971.05,0
9059,Walker,163783.0,0
9060,Myers,70221.13,1
9061,Wall,107841.77,0
9062,McKay,79623.28,1
9063,Egobudike,138399.67,0
9064,Williams,182765.14,0
9065,Ochoa,186648.19,0
9066,Otutodilinna,149587.92,0
9067,Ajuluchukwu,129050.67,0
9068,Bellucci,47764.99,0
9069,Gordon,172792.43,1
9070,Johnston,64436.16,0
9071,De Luca,167461.5,0
9072,Hill,98348.66,0
9073,Eluemuno,41536.59,1
9074,Howarth,72462.25,0
9075,Thomson,112465.19,1
9076,King,64511.44,0
9077,Grant,91830.75,0
9078,Gilbert,190806.36,1
9079,Richmond,112311.15,0
9080,Fiorentino,72276.24,0
9081,Greece,84920.49,0
9082,Dickson,17348.56,0
9083,Henderson,82870.75,0
9084,Stevens,32080.69,1
9085,Mitchell,120512.08,0
9086,Nworie,179032.68,0
9087,Boni,95623.28,0
9088,Wentcher,110035.88,1
9089,Bentley,168822.01,0
9090,Hayes-Williams,77705.75,0
9091,Johnstone,49815.62,0
9092,Johnstone,65632.33,1
9093,Nixon,169361.89,0
9094,Trevisano,4721.3,0
9095,Tsui,23974.85,0
9096,Moss,199929.17,0
9097,Graham,40023.7,0
9098,Onyemauchechukwu,72946.95,0
9099,Saunders,170421.13,0
9100,Ko,58879.11,0
9101,Cairns,25059.05,0
9102,Chiemela,29909.84,0
9103,Robertson,158043.11,0
9104,P'eng,14032.62,1
9105,Tseng,49809.88,0
9106,Russell,28806.32,1
9107,Yen,90490.33,0
9108,Yeh,75825.57,0
9109,Kalinina,158336.36,0
9110,Collier,143454.95,0
9111,Thomas,117279.49,0
9112,Shaw,114283.33,0
9113,Francis,994.86,0
9114,George,124795.84,0
9115,Ikenna,77592.8,0
9116,Schatz,105986.01,0
9117,Tao,33606.52,0
9118,Scott,134188.11,0
9119,Sims,159718.27,1
9120,Chibugo,85148.78,0
9121,Ku,119059.13,0
9122,Stanton,122998.26,0
9123,Kung,117841.06,0
9124,Gibson,160593.41,0
9125,Iheanacho,174189.04,1
9126,Costa,68260.27,1
9127,Sal,58854.88,1
9128,Lin,87994.95,1
9129,Ferri,150659.35,1
9130,Yin,109098.39,0
9131,Avdeyeva,104112.0,0
9132,Tu,122949.71,0
9133,Donnelly,21807.16,0
9134,Loggia,32319.93,0
9135,Chao,190457.87,1
9136,Belonwu,177738.98,0
9137,Welch,80425.65,0
9138,Henderson,9445.42,1
9139,Yobanna,174825.57,0
9140,Gallo,175743.92,0
9141,Wilson,54949.73,0
9142,Marino,183752.91,0
9143,Bailey,46038.28,0
9144,Gboliwe,78941.59,0
9145,Chukwuhaenye,198398.68,0
9146,Bianchi,188892.19,0
9147,Ford,169286.74,0
9148,Rizzo,145004.39,0
9149,Lung,55809.92,0
9150,Ramirez,54272.12,0
9151,Sabbatini,192440.54,0
9152,Ts'ao,103697.57,0
9153,Trevisan,119110.03,1
9154,Chinwenma,194681.6,0
9155,Berry,158948.63,0
9156,Colombo,165122.55,1
9157,Harris,189402.71,0
9158,Bryan,158027.57,0
9159,Chigozie,3815.48,0
9160,Mullawirraburka,162809.2,0
9161,Steele,89519.47,0
9162,Zakharov,25165.36,1
9163,Ch'eng,126012.57,0
9164,Berry,20109.21,0
9165,Jen,58257.23,0
9166,Wang,172269.21,1
9167,Chubb,29818.2,0
9168,Chen,114659.81,0
9169,Mazzanti,147184.74,0
9170,T'ao,15039.41,0
9171,Ndubueze,76621.49,0
9172,Ferri,92985.78,0
9173,Thornton,6009.27,1
9174,DeRose,191370.97,0
9175,Montes,188225.67,0
9176,Kwemto,11743.89,0
9177,Lucchese,136846.75,0
9178,Huggins,164248.33,0
9179,Wade,154631.35,0
9180,Kenenna,149665.65,0
9181,Wheeler,91574.92,0
9182,Cartwright,127233.39,0
9183,Iloerika,56650.47,0
9184,Palermo,84644.76,0
9185,Nkemakolam,148238.16,0
9186,Butler,193502.9,0
9187,Calabresi,38020.05,0
9188,Nkemdilim,176750.81,0
9189,Ch'iu,176580.63,0
9190,Alexander,133059.15,0
9191,Chiabuotu,100843.82,0
9192,Vasilyeva,30484.19,0
9193,Schneider,42330.58,0
9194,Mason,193309.58,0
9195,Chukwukadibia,112813.79,1
9196,Tsui,68008.85,0
9197,Banks,132673.22,0
9198,Shih,22001.91,0
9199,Tretiakova,100200.4,1
9200,Barese,122604.44,0
9201,Longo,100564.37,0
9202,MacDonald,5419.31,0
9203,Chambers,123587.83,1
9204,Cowen,13935.32,0
9205,Iweobiegbunam,87060.77,0
9206,Mai,4859.59,1
9207,Yu,21085.17,1
9208,Duffy,26733.86,0
9209,Chiang,89734.7,0
9210,Watts,179540.73,1
9211,Daly,173219.09,0
9212,Baker,37411.35,0
9213,Uvarov,80852.11,0
9214,Costa,43174.49,1
9215,Genovesi,70927.11,1
9216,Doherty,54265.55,0
9217,Kaleski,41872.17,0
9218,Wright,15068.53,1
9219,Huang,25950.49,0
9220,Trentino,197727.14,1
9221,Chienezie,79555.08,1
9222,Sugden,15607.27,0
9223,Tu,134612.48,0
9224,Onuchukwu,159830.58,0
9225,Ugochukwutubelum,162961.79,0
9226,Davidson,192427.16,0
9227,Goddard,92647.94,0
9228,Beck,180022.39,0
9229,Beam,183584.14,0
9230,Sheppard,28750.67,0
9231,Godfrey,74846.67,0
9232,Gray,89729.3,1
9233,Hsiung,61843.73,0
9234,Cameron,24770.22,1
9235,Fleming,80587.27,0
9236,Austin,116286.25,0
9237,Wallace,129333.69,1
9238,Ku,129372.94,0
9239,Fiorentino,18149.03,0
9240,Buccho,168369.37,0
9241,Gordon,67431.28,0
9242,Haworth,177092.16,0
9243,Guidry,93736.69,0
9244,Lettiere,131647.31,0
9245,Tai,175722.31,0
9246,Chigozie,85606.83,0
9247,Bezrukov,64945.57,0
9248,Chia,190347.72,0
9249,Sheppard,100791.36,0
9250,Vasilyev,167873.49,0
9251,Maxwell,25289.23,0
9252,Maher,20388.77,0
9253,Cocci,145089.64,0
9254,P'an,179093.26,0
9255,Rapuluchukwu,16025.17,1
9256,Azuka,9087.81,0
9257,Esposito,21472.42,0
9258,Hou,146752.67,0
9259,Cyril,132562.23,0
9260,Tomlinson,139537.43,0
9261,Crawford,133672.61,0
9262,Chikwado,38984.37,0
9263,Hargreaves,115217.59,0
9264,Laidley,93844.82,0
9265,Ferguson,22068.83,1
9266,Burns,123846.07,0
9267,McNeill,172638.13,0
9268,Chukwuebuka,1591.19,0
9269,Shen,91775.51,0
9270,Diaz,153920.22,0
9271,Kentish,71420.16,0
9272,Persse,172149.76,0
9273,Okwukwe,54706.75,0
9274,Watt,183358.21,0
9275,Carslaw,57098.0,0
9276,Griffin,156910.46,1
9277,Hsia,130224.73,0
9278,Fyodorova,13946.66,0
9279,Chukwujekwu,38652.96,0
9280,Townsend,140041.78,0
9281,Marsh,166187.1,0
9282,Hayes,139919.38,0
9283,Padovano,28137.03,0
9284,Ma,50368.63,0
9285,Ham,94978.1,0
9286,Paten,69903.93,1
9287,Cawthorne,177607.77,0
9288,Herbert,196731.08,0
9289,Jen,65234.6,0
9290,Saunders,186281.0,0
9291,Esquivel,111573.3,0
9292,Chao,196767.83,0
9293,Eluemuno,72985.61,0
9294,Sidorova,143265.65,0
9295,Pirogova,159268.67,0
9296,Benson,54448.41,0
9297,Santana,31928.5,0
9298,Williamson,21793.59,0
9299,North,21903.62,1
9300,Davies,49405.93,0
9301,Siciliano,154908.52,0
9302,Mironov,182867.84,0
9303,Amechi,16957.45,0
9304,Toscano,93717.55,0
9305,Su,61636.22,0
9306,Chukwuemeka,95864.5,0
9307,P'eng,167400.29,0
9308,Lombardo,131534.96,0
9309,Lombardi,92934.41,0
9310,Butler,119808.64,0
9311,Dean,9439.31,1
9312,Piccio,18732.91,0
9313,Bradley,160162.42,0
9314,Cameron,53630.9,1
9315,Chan,36405.21,0
9316,Lettiere,61446.92,1
9317,Mironova,194686.78,1
9318,Tsui,134483.07,0
9319,Okoli,37769.98,0
9320,Berry,2382.61,0
9321,Ruse,106826.92,1
9322,Bogolyubov,39511.61,0
9323,Kennedy,196371.13,1
9324,Bolton,122506.78,0
9325,Chuang,61994.2,0
9326,Greco,192464.21,1
9327,Ma,5194.95,0
9328,Nucci,198256.15,0
9329,Yao,62634.94,0
9330,Palfreyman,114006.35,0
9331,Webster,107994.99,0
9332,Cardell,48571.14,1
9333,Bianchi,76016.49,0
9334,Somadina,180808.39,0
9335,Mellor,4225.11,0
9336,Tomlinson,135841.35,0
9337,Pai,183536.24,1
9338,Lennox,88791.83,0
9339,Meldrum,63732.9,0
9340,Watson,1364.54,0
9341,Findlay,149184.15,0
9342,Su,53394.12,0
9343,Davidson,97910.06,0
9344,Barrett,101433.76,0
9345,Miah,116944.3,0
9346,Chamberlain,113267.48,0
9347,Vidal,181449.51,0
9348,Lung,179913.98,0
9349,Tretyakova,98586.14,0
9350,Montgomery,120321.09,0
9351,Golubev,100538.8,0
9352,Han,98931.5,0
9353,Pan,194493.57,0
9354,Carroll,143628.31,0
9355,Hawkins,167030.51,0
9356,Loggia,77786.37,1
9357,Chesnokova,81014.5,1
9358,Chambers,41866.26,0
9359,Fleming,11302.7,1
9360,Veale,149384.43,0
9361,Browne,169303.65,0
9362,Parsons,37264.11,0
9363,Bailey,19515.48,0
9364,Ferrari,103068.22,0
9365,Genovese,134459.12,0
9366,McIntyre,70496.66,0
9367,Warner,175877.7,1
9368,Gordon,106390.01,0
9369,McMillan,52138.49,0
9370,Cheng,18522.91,1
9371,Akhtar,32231.6,0
9372,Iadanza,174225.88,0
9373,Abernathy,102021.39,0
9374,Watson,31484.76,0
9375,Shen,82469.06,1
9376,Kershaw,110900.43,1
9377,Reed,105105.35,0
9378,Mitchell,12674.68,0
9379,Webb,93255.85,0
9380,Vanzetti,145299.5,0
9381,Nnanna,47139.44,0
9382,Campbell,167723.25,0
9383,Capon,185900.88,0
9384,Otutodilichukwu,85876.67,1
9385,Boone,1787.85,0
9386,McIntyre,23231.93,0
9387,Zhdanov,187740.04,0
9388,Nagy,100060.54,0
9389,Lombardo,80130.54,0
9390,Simpson,132467.54,0
9391,Herbert,96202.44,0
9392,Lehr,94977.3,0
9393,Chou,178827.3,1
9394,Upchurch,192852.67,0
9395,Ugorji,177238.35,0
9396,Palerma,199753.97,0
9397,Coles,66193.61,0
9398,Hsueh,181270.84,0
9399,Tu,25407.59,0
9400,Kuo,20973.8,0
9401,Woodhouse,76544.9,1
9402,Tretiakova,110509.9,0
9403,Gibson,164247.51,0
9404,Moss,105149.8,0
9405,Chineze,55868.97,1
9406,Davidson,178747.43,0
9407,Liang,134720.51,0
9408,Graham,978.66,0
9409,Nwebube,183387.12,0
9410,Sozonov,155876.06,0
9411,Forbes,119259.34,1
9412,Chikezie,133720.57,0
9413,Onwuemelie,170634.49,0
9414,Toth,125692.07,1
9415,Hunt,19150.14,0
9416,Mazure,86894.67,0
9417,Hughes,57975.8,0
9418,Bennett,82938.99,0
9419,Tien,79189.4,0
9420,Kay,5177.62,0
9421,Bryan,44510.26,0
9422,Ingamells,190611.92,0
9423,Milne,177834.79,0
9424,Lombardo,119446.64,0
9425,Owens,50267.69,0
9426,Charlton,144849.1,1
9427,Overby,81901.6,0
9428,Chifley,42576.86,0
9429,Oliver,87609.5,0
9430,Hill,82820.85,0
9431,DeRose,155144.12,0
9432,Chuang,9578.24,0
9433,Edwards,170392.59,0
9434,Rodriguez,3946.29,0
9435,Lo,102184.66,0
9436,Powell,75609.84,0
9437,Chu,26170.08,0
9438,Munro,144727.45,1
9439,Onwumelu,58134.97,0
9440,Siciliani,94620.0,1
9441,Yobachi,108764.69,0
9442,Akabueze,149503.54,0
9443,Chiemenam,120314.75,1
9444,Odinakachukwu,44205.95,0
9445,Reilly,6129.61,1
9446,Forbes,126796.69,0
9447,Amadi,27509.52,1
9448,Ferri,42143.55,0
9449,Y?an,87985.2,0
9450,Williamson,81884.8,0
9451,Briggs,2705.31,1
9452,Napolitani,30546.4,0
9453,Carpenter,149402.59,0
9454,Lin,118429.02,0
9455,Robinson,58442.25,0
9456,Collins,30414.17,0
9457,Kingsley,58814.41,0
9458,Harvey,155304.53,0
9459,Obiora,187943.6,0
9460,Knight,43036.6,0
9461,Hung,26543.28,0
9462,Curtis,171928.04,0
9463,Perez,35611.35,0
9464,Gosnell,19047.23,0
9465,Fang,39820.13,0
9466,Clarke,129013.59,1
9467,Milanesi,113810.12,0
9468,Chia,34749.65,0
9469,Gearhart,56268.98,0
9470,McLean,46630.47,0
9471,Williamson,124906.59,0
9472,Murphy,134869.93,0
9473,Angelo,36697.48,1
9474,Thomson,172200.91,0
9475,Murray,137136.46,0
9476,Kirby,57594.78,0
9477,Lane,36548.0,1
9478,Bergamaschi,182960.46,1
9479,Yang,42117.9,0
9480,Mills,199478.05,0
9481,Chidubem,91092.84,0
9482,Findlay,14090.4,1
9483,Wood,178267.07,0
9484,Boyle,85808.22,0
9485,Toscano,109659.12,0
9486,Seccombe,161642.08,0
9487,Uspenskaya,3830.59,0
9488,McKenzie,146636.44,0
9489,Liang,144413.92,1
9490,Yermakova,65801.44,0
9491,White,192486.24,0
9492,Rounsevell,120852.85,1
9493,Ts'ai,146191.82,0
9494,Stoneman,148412.24,1
9495,Yao,164119.35,0
9496,Chukwukere,163457.55,0
9497,Ifeatu,144978.47,0
9498,Millar,67288.89,0
9499,Igwebuike,103269.0,0
9500,Obidimkpa,106969.98,0
9501,Hou,117632.63,0
9502,Moody,189777.66,0
9503,Keldie,66032.65,0
9504,Liu,98661.27,0
9505,Ts'ao,74687.37,0
9506,Walker,149604.18,0
9507,Defalco,79888.78,0
9508,Lo Duca,138775.69,0
9509,Hyde,154695.57,0
9510,Kanayochukwu,168834.38,0
9511,Yen,105817.63,0
9512,Ts'ui,48682.1,0
9513,Tillman,147955.91,1
9514,Riley,56185.98,0
9515,Tu,81861.1,0
9516,Ruiz,69826.8,0
9517,Goliwe,118059.19,0
9518,Balashov,112333.22,0
9519,Leonard,14546.76,0
9520,Onyekaozulu,126172.11,0
9521,Carpenter,3560.0,0
9522,Beede,88878.15,0
9523,Beneventi,84605.0,0
9524,Sadlier,78268.61,0
9525,Lewis,120668.46,1
9526,Chiazagomekpele,10063.75,0
9527,Elliott,163989.66,1
9528,Liang,60584.33,0
9529,She,94170.84,0
9530,Bozeman,167181.77,0
9531,Yu,38914.51,0
9532,Teng,91196.67,0
9533,Davide,85869.89,1
9534,Beneventi,57337.79,0
9535,Yobachukwu,175347.28,0
9536,Douglas,63092.65,1
9537,Egobudike,109742.55,0
9538,Shelby,124489.88,0
9539,Golubov,56971.41,1
9540,Williamson,130752.01,1
9541,Fan,191457.06,0
9542,Nwebube,96442.86,0
9543,Bellucci,122584.29,0
9544,Udinese,57215.85,0
9545,Marian,195940.96,0
9546,Chizoba,105448.74,0
9547,McFarland,37870.29,0
9548,McDonald,52534.81,0
9549,Chiemezie,141533.19,0
9550,Fane,50568.02,0
9551,Marchesi,26116.82,0
9552,Scott,152054.33,0
9553,H?,1528.4,0
9554,Craig,127939.26,1
9555,Chikelu,2605.65,1
9556,Caffyn,57841.89,1
9557,Otitodilichukwu,186995.17,0
9558,Green,5549.11,1
9559,Y?an,11682.36,0
9560,Mao,106939.34,1
9561,Dahlenburg,53172.02,0
9562,Shih,114388.98,0
9563,Maclean,2151.17,0
9564,Fiorentino,183492.9,0
9565,Long,76582.95,1
9566,Olson,104217.96,1
9567,McKenzie,8982.75,0
9568,Rossi,9984.4,0
9569,Power,19500.1,0
9570,Yen,79146.36,0
9571,Norris,191694.77,1
9572,Collier,59645.24,1
9573,Rivers,55207.88,0
9574,Hudson,166177.3,0
9575,Milani,136356.97,0
9576,Hunt,148611.52,0
9577,Oluchukwu,85516.37,1
9578,Lorenzo,55120.79,0
9579,Chidiegwu,131778.58,0
9580,Warren,153269.98,0
9581,Glover,164864.67,0
9582,Andersen,20367.68,0
9583,Arcuri,39542.0,0
9584,Mackinlay,19412.8,1
9585,McCarthy,127977.66,0
9586,Chiu,20508.85,0
9587,Norriss,176244.87,0
9588,Moore,105013.63,0
9589,Mott,27597.76,0
9590,Ts'ai,121073.23,0
9591,Fokina,101089.76,0
9592,Nikitina,114258.18,0
9593,Henry,22762.23,0
9594,Chiefo,7008.65,0
9595,Mao,81299.17,0
9596,Bezrukova,147521.35,0
9597,Dodd,6177.83,0
9598,Lori,59374.82,0
9599,Yudina,157648.12,0
9600,Conti,75685.59,1
9601,Volkova,136540.09,0
9602,Boni,97939.4,1
9603,Ritchie,36267.21,0
9604,McMillan,186064.34,0
9605,Phillips,176152.7,0
9606,Lombardi,82117.2,0
9607,Ireland,151925.25,0
9608,Boan,142287.65,0
9609,Shao,36557.55,0
9610,Chiemenam,129975.34,0
9611,Hunter,21967.15,0
9612,McKay,53477.76,0
9613,Roberts,178067.33,1
9614,Aitken,171039.56,0
9615,Chao,150802.41,1
9616,Bruce,82951.12,0
9617,Chan,57064.57,0
9618,Watts,45755.0,0
9619,Gibbons,176882.08,0
9620,Ni,88838.14,0
9621,Jen,88592.8,0
9622,Phillips,26261.42,0
9623,Amaechi,29586.73,0
9624,Maslow,172321.21,1
9625,Rowley,158036.72,1
9626,Chukwuemeka,115733.16,0
9627,Bevan,59927.99,0
9628,Topp,44377.65,0
9629,Burgoyne,79691.4,0
9630,Yermakov,51503.51,0
9631,Ts'ui,62830.97,0
9632,Kodilinyechukwu,90346.1,0
9633,K?,40467.82,0
9634,Marino,51620.94,0
9635,Lucas,65466.93,1
9636,Anderson,667.66,1
9637,Wei,172437.12,0
9638,Baldwin,106061.47,1
9639,Foster,177622.38,0
9640,Gebhart,191520.5,0
9641,Fedorov,95686.6,0
9642,Robertson,173776.5,0
9643,Tudawali,113089.43,0
9644,Iloerika,149614.81,0
9645,Onyemauchechukwu,99537.68,0
9646,Muir,97893.4,1
9647,Walker,90.07,0
9648,Charlton,161154.85,0
9649,Tseng,332.81,0
9650,Ifeatu,66285.18,0
9651,Chin,163477.22,0
9652,Blinova,170332.67,1
9653,Maconochie,126144.96,0
9654,Ch'in,53437.1,0
9655,Nicholson,26920.43,0
9656,Burgess,52314.71,0
9657,Young,116885.59,0
9658,Plumb,126263.97,0
9659,Trentino,64613.81,0
9660,Allen,89216.29,0
9661,Benford,83419.15,0
9662,Gallo,123998.52,0
9663,Cobb,96985.58,0
9664,Doherty,146154.06,0
9665,Cocci,18471.86,0
9666,Macadam,95009.6,0
9667,Tychonoff,121175.86,0
9668,Johnson,77047.78,0
9669,Tu,158049.9,0
9670,Chidiebere,147040.25,0
9671,Pope,142566.75,0
9672,Sutherland,185483.24,0
9673,Beneventi,155870.82,0
9674,Jamieson,121555.51,0
9675,Simmons,40223.74,0
9676,Chijioke,75503.6,0
9677,Iloerika,186942.49,1
9678,Chia,117173.8,0
9679,Nwachinemelu,3453.4,0
9680,Becher,48876.84,0
9681,Romano,11830.53,0
9682,Walker,162820.6,0
9683,Chiawuotu,36540.63,0
9684,Watt,6959.0,0
9685,Udegbunam,10828.78,0
9686,Watson,80272.06,0
9687,Bryant,22184.14,0
9688,Ward,186335.07,0
9689,Urban,105715.01,0
9690,Sutherland,68393.64,1
9691,K'ung,82868.34,0
9692,Iweobiegbunam,196257.67,0
9693,Wei,93439.75,1
9694,Lascelles,150319.49,0
9695,Ts'ao,46523.6,0
9696,Mack,199138.84,0
9697,Campbell,79559.02,1
9698,Fiorentini,116893.87,0
9699,Long,153983.99,0
9700,Lloyd,63531.19,0
9701,Sneddon,126253.31,0
9702,Gorshkov,73922.95,0
9703,Forbes,64679.3,0
9704,L?,157072.91,0
9705,Hopetoun,108377.82,0
9706,Lucchesi,88827.31,0
9707,Faria,37674.47,0
9708,Yefremov,106327.85,0
9709,Genovesi,84475.13,0
9710,Marquez,33998.7,0
9711,Trevisani,20491.15,0
9712,Tung,197827.06,0
9713,Barnhill,96687.25,0
9714,Marshall,46044.7,0
9715,Bednall,98949.85,0
9716,Pan,185599.34,1
9717,Ogg,198341.15,0
9718,T'ang,119348.76,1
9719,Baresi,149614.17,1
9720,Obiajulu,12328.08,0
9721,McGregor,33245.97,0
9722,Lung,2243.41,0
9723,Jamieson,86786.41,0
9724,Pinto,12706.67,0
9725,Fallaci,41295.1,1
9726,Goliwe,177357.16,0
9727,Ferri,190663.89,1
9728,Rowley,115262.54,1
9729,Tretiakova,170099.23,0
9730,She,189143.94,0
9731,Nebeolisa,163257.44,0
9732,Young,95562.81,0
9733,Fitzgerald,75272.63,0
9734,Arnold,20881.96,0
9735,Chidimma,161845.81,1
9736,Wells,49978.67,0
9737,Calzada,107292.91,0
9738,Black,32863.24,1
9739,Sopuluchukwu,179608.96,0
9740,Ts'ao,70223.22,0
9741,Ukaegbunam,77951.84,0
9742,Wood,55043.93,0
9743,Furneaux,101677.46,0
9744,Gresswell,79366.98,1
9745,Ch'in,8037.03,0
9746,Ma,176254.12,0
9747,Iweobiegbunam,192743.06,1
9748,Marcelo,56793.02,1
9749,Azubuike,187900.12,0
9750,Stewart,92920.04,1
9751,Yen,140166.95,0
9752,Hsieh,155782.89,0
9753,Chiedozie,186574.68,0
9754,Shih,3258.6,0
9755,Amechi,106714.28,0
9756,Ko,144532.85,1
9757,Chimezie,13591.52,0
9758,Azubuike,74854.97,0
9759,Aguirre,125451.01,0
9760,Lung,149740.22,0
9761,Adams,17355.36,0
9762,Castiglione,50294.09,0
9763,Yao,156394.74,0
9764,Morales,77977.69,0
9765,Thomas,43678.06,0
9766,Vasiliev,13906.34,0
9767,Chukwueloka,12766.74,0
9768,Ko,51308.54,1
9769,Atkins,127444.14,0
9770,Moffitt,72577.33,1
9771,Panicucci,82438.13,0
9772,Akobundu,60485.98,0
9773,Chiu,132798.78,0
9774,Tsui,71823.15,0
9775,Yobanna,117144.15,0
9776,Hollis,141706.43,0
9777,Cattaneo,54517.25,0
9778,Lung,183147.17,0
9779,Angelo,138360.29,0
9780,Folliero,79580.56,0
9781,Bryant,157458.61,1
9782,Weigel,171770.58,0
9783,Ajuluchukwu,104263.82,0
9784,Zhirov,167183.07,1
9785,Cox,70774.97,0
9786,Chimaraoke,114869.56,0
9787,Genovese,109159.58,0
9788,Ohearn,59351.68,0
9789,Munroe,199657.46,0
9790,Morrison,121151.1,0
9791,Parkhill,26342.33,1
9792,Y?,102799.14,0
9793,Hilton,90928.48,0
9794,Thompson,141152.28,0
9795,Yobanna,105568.6,0
9796,Thorpe,183045.46,0
9797,Harvey,194792.42,0
9798,Robinson,21852.91,0
9799,Manna,78250.13,1
9800,Li,47114.18,1
9801,Hancock,33230.37,0
9802,Hao,114279.63,0
9803,Nicholls,38802.03,0
9804,Folliero,72504.76,0
9805,Trumbull,43943.09,0
9806,Medvedeva,68141.92,0
9807,Crist,109179.89,0
9808,Middleton,48224.72,0
9809,Watts,61538.43,1
9810,Udinese,94544.88,0
9811,Tretiakov,2850.01,0
9812,O'Kane,163484.8,0
9813,Vasilyeva,129629.41,0
9814,Wei,133141.34,0
9815,Chinonyelum,188078.55,0
9816,Chin,174729.3,0
9817,Lorimer,78700.03,0
9818,Yeh,198269.08,0
9819,Duffy,55266.96,1
9820,Onyekachukwu,51636.7,0
9821,Banks,198251.52,0
9822,Hughes,171442.36,0
9823,Lai,49778.79,0
9824,Matthews,19262.05,0
9825,Bell,32349.29,1
9826,Tu,137402.27,0
9827,Hsia,64038.34,0
9828,Cheng,68814.23,0
9829,Cheng,173632.92,0
9830,Lin,128384.11,0
9831,Higgins,99475.95,1
9832,Chukwujekwu,89935.73,1
9833,McKay,94142.35,0
9834,Vincent,171681.86,1
9835,Ubanwa,8222.96,0
9836,Ch'ien,170409.45,0
9837,T'ien,46555.15,0
9838,Ricci,161655.55,1
9839,McDowell,74267.35,0
9840,Maclean,34101.06,0
9841,Manna,109572.58,0
9842,Jibunoh,106642.97,0
9843,Fan,18897.29,0
9844,Hsieh,189607.71,0
9845,Parsons,148750.16,0
9846,Udinese,105279.74,0
9847,Root,167916.35,0
9848,Chiemezie,8646.58,0
9849,Toscani,124592.84,0
9850,Obidimkpa,50016.17,0
9851,Degtyaryov,125422.66,0
9852,Maclean,81123.59,1
9853,Giordano,80408.59,0
9854,Saad,146366.08,0
9855,Lord,24402.87,0
9856,Hope,60552.44,1
9857,K?,76476.05,0
9858,Bull,92075.01,1
9859,Adams,184125.1,1
9860,Brookes,96170.38,0
9861,Victor,98208.62,0
9862,Giles,157932.75,0
9863,Ferrari,3497.43,1
9864,Milne,51387.1,0
9865,Parry,50123.44,0
9866,Allan,180329.83,0
9867,Warren,13238.93,0
9868,Rowntree,167554.86,0
9869,Andrejew,51454.06,0
9870,Corby,19842.22,0
9871,Kennedy,38315.04,0
9872,Young,187816.59,0
9873,Poole,197148.24,0
9874,Fletcher,163471.01,0
9875,Tsao,653.58,0
9876,Gilroy,45414.09,0
9877,Onwuamaeze,45445.78,1
9878,Manna,139024.31,0
9879,Pisano,168034.83,1
9880,Thorpe,25669.1,0
9881,Dwyer,8207.36,0
9882,Okeke,16281.68,1
9883,Zito,14083.12,0
9884,Sergeyeva,30165.06,1
9885,Fang,39451.09,0
9886,Flannagan,60270.87,0
9887,Mao,22527.27,0
9888,Sturdee,175072.47,0
9889,Azikiwe,114565.35,0
9890,Chidi,48930.8,0
9891,Hull,187008.45,0
9892,Shah,113581.85,0
9893,Morgan,124095.69,0
9894,Vagin,49054.1,0
9895,Bruno,80593.49,1
9896,Osinachi,183044.86,0
9897,Ho,159938.82,0
9898,Tsui,95483.48,1
9899,Gordon,198069.71,0
9900,Duncan,61793.47,0
9901,Hu,86383.61,0
9902,Docherty,144099.48,0
9903,Brookes,155641.46,0
9904,Angelo,135784.94,0
9905,Emenike,123982.14,1
9906,Pugh,193130.55,0
9907,McKenzie,145215.96,0
9908,Mach,164741.81,0
9909,Endrizzi,72168.53,0
9910,L?,95022.02,1
9911,MacPherson,23766.4,0
9912,Michael,119374.74,0
9913,Chiedozie,139049.24,0
9914,Hughes,180844.81,0
9915,Taylor,143980.29,0
9916,Evdokimov,137392.77,0
9917,Davis,123646.57,1
9918,Ubanwa,158054.49,0
9919,Murray,105784.85,0
9920,Smith,738.88,1
9921,Evseev,64539.64,0
9922,Mitchell,79871.16,0
9923,Ni,190776.83,0
9924,Palerma,6985.34,1
9925,Yuan,85522.84,0
9926,Knight,149370.93,0
9927,Rapuokwu,188516.45,0
9928,Wan,2444.29,0
9929,Artamonova,19762.88,0
9930,Rossi,172646.88,0
9931,Greco,33501.98,0
9932,Fleetwood-Smith,114858.9,0
9933,Butusov,162668.33,0
9934,West,161241.65,1
9935,Sanders,114957.22,0
9936,Parks,18708.76,0
9937,Edith,105305.72,0
9938,Korovin,58111.71,0
9939,Lajoie,135502.77,0
9940,Bergamaschi,10792.42,0
9941,T'ien,123866.43,0
9942,Torode,129181.27,0
9943,Fu,6847.73,0
9944,Cameron,138361.48,0
9945,Cattaneo,166707.22,0
9946,James,107221.03,0
9947,Abramovich,73124.53,1
9948,Onwughara,12913.92,0
9949,Wan,44351.77,0
9950,Salinas,96444.88,0
9951,Ho,60739.16,0
9952,Cleveland,118570.53,0
9953,Burke,97057.28,0
9954,Trentino,3449.22,0
9955,Kashiwagi,37605.9,0
9956,Nucci,117369.52,1
9957,Oluchi,100598.98,0
9958,Ts'ui,17802.42,0
9959,Graham,91094.46,0
9960,Lucciano,120853.83,1
9961,Aldridge,107124.17,0
9962,Flynn,59207.41,1
9963,Scott,136869.31,0
9964,Douglas,113308.29,0
9965,Shao,159334.93,0
9966,Ch'en,20393.44,0
9967,Pugliesi,158590.25,0
9968,McGregor,23101.13,0
9969,Hou,112585.19,0
9970,Thompson,119377.36,0
9971,Chou,166472.81,0
9972,Ch'in,171552.02,0
9973,Miller,157474.1,0
9974,Barker,13549.24,0
9975,Smith,196526.55,1
9976,Azikiwe,84419.78,0
9977,Mancini,24991.92,0
9978,P'eng,191608.97,0
9979,Diribe,2988.28,0
9980,T'ao,99595.67,0
9981,Burbidge,53445.17,1
9982,Griffin,115146.4,1
9983,Cocci,151325.24,0
9984,Echezonachukwu,51695.41,0
9985,Nepean,96833.0,0
9986,Bartlett,34047.54,0
9987,Mancini,1914.41,0
9988,Pirozzi,49337.84,0
9989,McMillan,179436.6,0
9990,Nkemakonam,53667.08,0
9991,Ajuluchukwu,69384.71,1
9992,Chukwualuka,195192.4,0
9993,Rahman,29179.52,0
9994,Wood,167773.55,0
9995,Obijiaku,96270.64,0
9996,Johnstone,101699.77,0
9997,Liu,42085.58,1
9998,Sabbatini,92888.52,1
9999,Walker,38190.78,0
